user_id,signup_date,plan,mrr,churn_date
1,2023-01-01,pro,79,2023-04-25 00:00:00
2,2023-01-01,free,0,
3,2023-01-01,enterprise,299,2023-03-10 00:00:00
4,2023-01-01,starter,29,
5,2023-01-01,free,0,
6,2023-01-01,pro,79,
7,2023-01-01,free,0,
8,2023-01-01,enterprise,299,
9,2023-01-01,enterprise,299,
10,2023-01-01,starter,29,
11,2023-01-01,free,0,
12,2023-01-02,starter,29,
13,2023-01-02,free,0,
14,2023-01-02,free,0,
15,2023-01-02,pro,79,
16,2023-01-02,free,0,
17,2023-01-02,free,0,
18,2023-01-02,enterprise,299,2023-06-30 00:00:00
19,2023-01-02,free,0,
20,2023-01-03,free,0,
21,2023-01-03,enterprise,299,
22,2023-01-03,free,0,
23,2023-01-03,pro,79,
24,2023-01-03,enterprise,299,
25,2023-01-03,enterprise,299,
26,2023-01-03,starter,29,
27,2023-01-03,free,0,
28,2023-01-03,free,0,
29,2023-01-04,pro,79,
30,2023-01-04,pro,79,
31,2023-01-04,starter,29,
32,2023-01-04,free,0,
33,2023-01-04,free,0,
34,2023-01-04,free,0,
35,2023-01-04,pro,79,
36,2023-01-04,starter,29,
37,2023-01-04,enterprise,299,
38,2023-01-05,pro,79,
39,2023-01-05,free,0,
40,2023-01-05,starter,29,
41,2023-01-05,starter,29,
42,2023-01-05,starter,29,
43,2023-01-05,pro,79,
44,2023-01-05,pro,79,
45,2023-01-05,pro,79,
46,2023-01-05,free,0,
47,2023-01-05,free,0,
48,2023-01-05,pro,79,
49,2023-01-05,free,0,
50,2023-01-05,free,0,
51,2023-01-06,free,0,
52,2023-01-06,starter,29,
53,2023-01-06,free,0,
54,2023-01-06,starter,29,2023-06-18 00:00:00
55,2023-01-07,enterprise,299,
56,2023-01-07,free,0,
57,2023-01-07,free,0,
58,2023-01-07,free,0,
59,2023-01-07,pro,79,
60,2023-01-07,free,0,
61,2023-01-07,free,0,
62,2023-01-07,free,0,
63,2023-01-07,pro,79,
64,2023-01-07,starter,29,
65,2023-01-08,pro,79,
66,2023-01-08,enterprise,299,
67,2023-01-08,free,0,
68,2023-01-08,pro,79,2023-02-23 00:00:00
69,2023-01-08,free,0,
70,2023-01-08,pro,79,
71,2023-01-08,starter,29,
72,2023-01-08,pro,79,
73,2023-01-08,free,0,
74,2023-01-08,free,0,
75,2023-01-08,free,0,
76,2023-01-09,free,0,
77,2023-01-09,free,0,
78,2023-01-09,free,0,
79,2023-01-09,free,0,
80,2023-01-09,starter,29,
81,2023-01-09,pro,79,
82,2023-01-09,starter,29,
83,2023-01-09,free,0,
84,2023-01-09,starter,29,
85,2023-01-10,free,0,
86,2023-01-10,enterprise,299,
87,2023-01-10,free,0,
88,2023-01-10,pro,79,
89,2023-01-10,enterprise,299,
90,2023-01-10,pro,79,
91,2023-01-10,starter,29,
92,2023-01-10,pro,79,
93,2023-01-10,enterprise,299,
94,2023-01-11,starter,29,
95,2023-01-11,starter,29,
96,2023-01-11,starter,29,2023-10-19 00:00:00
97,2023-01-11,starter,29,
98,2023-01-11,starter,29,
99,2023-01-11,starter,29,
100,2023-01-11,free,0,
101,2023-01-12,free,0,
102,2023-01-12,free,0,
103,2023-01-12,free,0,
104,2023-01-12,free,0,
105,2023-01-12,starter,29,
106,2023-01-12,free,0,
107,2023-01-12,pro,79,
108,2023-01-12,free,0,
109,2023-01-12,free,0,
110,2023-01-12,pro,79,
111,2023-01-12,starter,29,
112,2023-01-12,free,0,
113,2023-01-12,pro,79,
114,2023-01-12,pro,79,
115,2023-01-12,free,0,
116,2023-01-12,free,0,
117,2023-01-12,enterprise,299,2023-04-22 00:00:00
118,2023-01-13,starter,29,
119,2023-01-13,starter,29,
120,2023-01-13,pro,79,
121,2023-01-13,free,0,
122,2023-01-13,starter,29,
123,2023-01-13,free,0,
124,2023-01-13,pro,79,
125,2023-01-13,starter,29,
126,2023-01-14,starter,29,
127,2023-01-14,free,0,
128,2023-01-14,free,0,
129,2023-01-14,starter,29,
130,2023-01-14,pro,79,
131,2023-01-14,starter,29,
132,2023-01-14,free,0,
133,2023-01-14,pro,79,
134,2023-01-14,free,0,
135,2023-01-14,enterprise,299,
136,2023-01-14,free,0,
137,2023-01-14,starter,29,2023-02-20 00:00:00
138,2023-01-14,free,0,
139,2023-01-14,enterprise,299,
140,2023-01-15,starter,29,
141,2023-01-15,free,0,
142,2023-01-15,free,0,
143,2023-01-15,free,0,
144,2023-01-15,free,0,
145,2023-01-15,enterprise,299,
146,2023-01-15,starter,29,
147,2023-01-15,pro,79,
148,2023-01-16,starter,29,
149,2023-01-16,starter,29,
150,2023-01-16,free,0,
151,2023-01-17,free,0,
152,2023-01-17,pro,79,
153,2023-01-17,enterprise,299,
154,2023-01-17,free,0,
155,2023-01-17,free,0,
156,2023-01-17,starter,29,2023-05-19 00:00:00
157,2023-01-17,enterprise,299,2023-08-10 00:00:00
158,2023-01-17,free,0,
159,2023-01-17,starter,29,
160,2023-01-17,pro,79,2023-05-21 00:00:00
161,2023-01-18,free,0,
162,2023-01-18,free,0,
163,2023-01-18,starter,29,2023-11-08 00:00:00
164,2023-01-18,enterprise,299,
165,2023-01-19,free,0,
166,2023-01-19,starter,29,
167,2023-01-19,starter,29,
168,2023-01-19,starter,29,
169,2023-01-19,starter,29,2023-06-11 00:00:00
170,2023-01-19,starter,29,
171,2023-01-19,starter,29,
172,2023-01-19,starter,29,
173,2023-01-20,starter,29,2023-04-20 00:00:00
174,2023-01-20,starter,29,2023-10-26 00:00:00
175,2023-01-20,pro,79,2023-03-03 00:00:00
176,2023-01-20,free,0,
177,2023-01-20,pro,79,
178,2023-01-20,pro,79,
179,2023-01-20,free,0,
180,2023-01-20,starter,29,
181,2023-01-20,starter,29,
182,2023-01-20,free,0,
183,2023-01-20,free,0,
184,2023-01-20,free,0,
185,2023-01-21,free,0,
186,2023-01-21,pro,79,
187,2023-01-21,free,0,
188,2023-01-21,pro,79,
189,2023-01-21,starter,29,
190,2023-01-21,pro,79,
191,2023-01-21,starter,29,
192,2023-01-21,free,0,
193,2023-01-22,starter,29,2023-08-29 00:00:00
194,2023-01-22,free,0,
195,2023-01-22,starter,29,2023-04-08 00:00:00
196,2023-01-22,enterprise,299,
197,2023-01-22,free,0,
198,2023-01-22,free,0,
199,2023-01-22,pro,79,
200,2023-01-22,pro,79,
201,2023-01-23,starter,29,
202,2023-01-23,free,0,
203,2023-01-23,starter,29,
204,2023-01-23,free,0,
205,2023-01-23,pro,79,
206,2023-01-23,enterprise,299,
207,2023-01-24,pro,79,
208,2023-01-24,pro,79,
209,2023-01-24,free,0,
210,2023-01-24,pro,79,2023-05-22 00:00:00
211,2023-01-25,pro,79,2023-04-22 00:00:00
212,2023-01-25,free,0,
213,2023-01-25,pro,79,
214,2023-01-25,free,0,
215,2023-01-25,starter,29,
216,2023-01-25,pro,79,
217,2023-01-25,starter,29,
218,2023-01-25,free,0,
219,2023-01-25,starter,29,
220,2023-01-25,starter,29,
221,2023-01-25,enterprise,299,
222,2023-01-25,starter,29,
223,2023-01-26,free,0,
224,2023-01-26,pro,79,
225,2023-01-26,starter,29,
226,2023-01-26,starter,29,
227,2023-01-26,starter,29,2023-03-13 00:00:00
228,2023-01-26,pro,79,
229,2023-01-26,starter,29,
230,2023-01-26,starter,29,
231,2023-01-27,free,0,
232,2023-01-27,free,0,
233,2023-01-27,free,0,
234,2023-01-27,free,0,
235,2023-01-27,starter,29,
236,2023-01-27,pro,79,2023-04-13 00:00:00
237,2023-01-27,starter,29,2023-07-09 00:00:00
238,2023-01-28,pro,79,2023-06-14 00:00:00
239,2023-01-28,enterprise,299,2023-05-09 00:00:00
240,2023-01-28,pro,79,
241,2023-01-28,starter,29,2023-08-16 00:00:00
242,2023-01-28,starter,29,
243,2023-01-28,starter,29,2023-05-11 00:00:00
244,2023-01-28,free,0,
245,2023-01-28,free,0,
246,2023-01-29,enterprise,299,
247,2023-01-29,pro,79,2023-07-05 00:00:00
248,2023-01-29,free,0,
249,2023-01-29,starter,29,
250,2023-01-29,pro,79,2023-08-27 00:00:00
251,2023-01-29,free,0,
252,2023-01-29,free,0,
253,2023-01-29,pro,79,
254,2023-01-29,starter,29,2023-09-07 00:00:00
255,2023-01-29,free,0,
256,2023-01-30,starter,29,
257,2023-01-30,pro,79,
258,2023-01-30,starter,29,
259,2023-01-30,free,0,
260,2023-01-31,free,0,
261,2023-01-31,starter,29,
262,2023-01-31,starter,29,
263,2023-01-31,pro,79,2023-10-08 00:00:00
264,2023-02-01,free,0,
265,2023-02-01,pro,79,
266,2023-02-01,free,0,
267,2023-02-01,free,0,
268,2023-02-01,free,0,
269,2023-02-02,free,0,
270,2023-02-02,starter,29,
271,2023-02-02,starter,29,
272,2023-02-02,free,0,
273,2023-02-03,starter,29,
274,2023-02-03,free,0,
275,2023-02-03,pro,79,
276,2023-02-03,enterprise,299,
277,2023-02-03,free,0,
278,2023-02-03,starter,29,
279,2023-02-03,free,0,
280,2023-02-04,free,0,
281,2023-02-04,free,0,
282,2023-02-04,pro,79,
283,2023-02-04,starter,29,
284,2023-02-04,free,0,
285,2023-02-04,pro,79,
286,2023-02-04,starter,29,
287,2023-02-04,pro,79,
288,2023-02-04,starter,29,
289,2023-02-05,starter,29,
290,2023-02-05,free,0,
291,2023-02-05,free,0,
292,2023-02-05,enterprise,299,2023-10-20 00:00:00
293,2023-02-05,free,0,
294,2023-02-05,enterprise,299,2023-06-26 00:00:00
295,2023-02-05,starter,29,
296,2023-02-05,free,0,
297,2023-02-05,free,0,
298,2023-02-05,free,0,
299,2023-02-06,enterprise,299,
300,2023-02-06,starter,29,
301,2023-02-06,free,0,
302,2023-02-06,free,0,
303,2023-02-06,free,0,
304,2023-02-06,starter,29,
305,2023-02-07,free,0,
306,2023-02-07,pro,79,
307,2023-02-07,free,0,
308,2023-02-07,free,0,
309,2023-02-07,starter,29,2023-04-15 00:00:00
310,2023-02-07,starter,29,
311,2023-02-07,enterprise,299,
312,2023-02-07,starter,29,
313,2023-02-07,free,0,
314,2023-02-08,starter,29,
315,2023-02-08,free,0,
316,2023-02-08,free,0,
317,2023-02-08,enterprise,299,
318,2023-02-08,pro,79,
319,2023-02-08,enterprise,299,
320,2023-02-08,starter,29,
321,2023-02-08,starter,29,
322,2023-02-08,free,0,
323,2023-02-08,free,0,
324,2023-02-08,pro,79,2023-07-29 00:00:00
325,2023-02-08,free,0,
326,2023-02-08,pro,79,
327,2023-02-08,pro,79,
328,2023-02-08,free,0,
329,2023-02-08,starter,29,
330,2023-02-09,starter,29,2023-09-12 00:00:00
331,2023-02-09,free,0,
332,2023-02-09,pro,79,
333,2023-02-09,starter,29,
334,2023-02-09,free,0,
335,2023-02-09,starter,29,2023-08-17 00:00:00
336,2023-02-09,enterprise,299,
337,2023-02-09,free,0,
338,2023-02-09,pro,79,
339,2023-02-10,free,0,
340,2023-02-10,pro,79,
341,2023-02-10,pro,79,
342,2023-02-10,free,0,
343,2023-02-10,free,0,
344,2023-02-10,pro,79,
345,2023-02-10,starter,29,
346,2023-02-11,pro,79,
347,2023-02-11,free,0,
348,2023-02-11,pro,79,
349,2023-02-11,pro,79,2023-11-06 00:00:00
350,2023-02-11,enterprise,299,
351,2023-02-11,free,0,
352,2023-02-11,starter,29,
353,2023-02-11,starter,29,
354,2023-02-11,free,0,
355,2023-02-11,starter,29,
356,2023-02-11,free,0,
357,2023-02-11,pro,79,
358,2023-02-11,starter,29,
359,2023-02-11,free,0,
360,2023-02-12,starter,29,2023-09-05 00:00:00
361,2023-02-12,starter,29,
362,2023-02-12,free,0,
363,2023-02-12,enterprise,299,
364,2023-02-12,enterprise,299,
365,2023-02-12,starter,29,
366,2023-02-13,free,0,
367,2023-02-13,pro,79,2023-11-12 00:00:00
368,2023-02-13,starter,29,
369,2023-02-13,free,0,
370,2023-02-13,starter,29,
371,2023-02-13,starter,29,
372,2023-02-13,starter,29,
373,2023-02-13,starter,29,
374,2023-02-13,starter,29,2023-06-19 00:00:00
375,2023-02-14,enterprise,299,
376,2023-02-14,free,0,
377,2023-02-14,pro,79,
378,2023-02-15,pro,79,
379,2023-02-15,starter,29,
380,2023-02-15,starter,29,
381,2023-02-15,starter,29,
382,2023-02-15,starter,29,2023-12-11 00:00:00
383,2023-02-15,pro,79,
384,2023-02-15,starter,29,
385,2023-02-16,enterprise,299,
386,2023-02-16,free,0,
387,2023-02-16,free,0,
388,2023-02-16,starter,29,2023-07-10 00:00:00
389,2023-02-16,free,0,
390,2023-02-16,free,0,
391,2023-02-16,free,0,
392,2023-02-16,free,0,
393,2023-02-16,free,0,
394,2023-02-16,enterprise,299,
395,2023-02-16,free,0,
396,2023-02-16,pro,79,
397,2023-02-17,pro,79,
398,2023-02-17,enterprise,299,
399,2023-02-17,free,0,
400,2023-02-17,pro,79,2023-08-29 00:00:00
401,2023-02-18,starter,29,
402,2023-02-18,starter,29,
403,2023-02-18,starter,29,
404,2023-02-18,pro,79,
405,2023-02-18,free,0,
406,2023-02-18,pro,79,
407,2023-02-18,starter,29,2023-11-19 00:00:00
408,2023-02-18,pro,79,
409,2023-02-18,enterprise,299,
410,2023-02-18,free,0,
411,2023-02-18,enterprise,299,
412,2023-02-19,free,0,
413,2023-02-19,free,0,
414,2023-02-19,free,0,
415,2023-02-19,free,0,
416,2023-02-19,starter,29,
417,2023-02-19,free,0,
418,2023-02-19,free,0,
419,2023-02-20,enterprise,299,
420,2023-02-20,pro,79,
421,2023-02-20,pro,79,
422,2023-02-20,pro,79,
423,2023-02-20,pro,79,2023-05-11 00:00:00
424,2023-02-20,free,0,
425,2023-02-20,free,0,
426,2023-02-20,pro,79,
427,2023-02-20,free,0,
428,2023-02-20,starter,29,
429,2023-02-20,free,0,
430,2023-02-21,free,0,
431,2023-02-21,starter,29,2023-05-18 00:00:00
432,2023-02-21,starter,29,
433,2023-02-21,starter,29,
434,2023-02-21,starter,29,
435,2023-02-21,free,0,
436,2023-02-22,free,0,
437,2023-02-22,pro,79,
438,2023-02-22,starter,29,
439,2023-02-22,free,0,
440,2023-02-22,pro,79,
441,2023-02-22,free,0,
442,2023-02-22,starter,29,
443,2023-02-22,free,0,
444,2023-02-22,pro,79,
445,2023-02-23,starter,29,
446,2023-02-23,free,0,
447,2023-02-23,pro,79,2023-05-06 00:00:00
448,2023-02-23,starter,29,
449,2023-02-23,free,0,
450,2023-02-23,free,0,
451,2023-02-23,free,0,
452,2023-02-23,free,0,
453,2023-02-23,starter,29,
454,2023-02-23,pro,79,
455,2023-02-24,starter,29,
456,2023-02-24,free,0,
457,2023-02-24,free,0,
458,2023-02-24,free,0,
459,2023-02-24,starter,29,
460,2023-02-24,pro,79,
461,2023-02-24,free,0,
462,2023-02-24,pro,79,2023-08-15 00:00:00
463,2023-02-24,pro,79,2023-11-01 00:00:00
464,2023-02-25,starter,29,
465,2023-02-25,pro,79,
466,2023-02-25,starter,29,
467,2023-02-25,starter,29,
468,2023-02-26,starter,29,
469,2023-02-26,starter,29,
470,2023-02-26,free,0,
471,2023-02-26,free,0,
472,2023-02-26,free,0,
473,2023-02-27,starter,29,
474,2023-02-27,free,0,
475,2023-02-27,enterprise,299,
476,2023-02-27,pro,79,
477,2023-02-27,starter,29,
478,2023-02-27,free,0,
479,2023-02-27,pro,79,
480,2023-02-27,pro,79,
481,2023-02-27,pro,79,2023-12-13 00:00:00
482,2023-02-27,free,0,
483,2023-02-28,starter,29,
484,2023-02-28,free,0,
485,2023-02-28,free,0,
486,2023-02-28,pro,79,2023-05-09 00:00:00
487,2023-02-28,pro,79,
488,2023-02-28,starter,29,
489,2023-02-28,pro,79,
490,2023-02-28,starter,29,
491,2023-02-28,starter,29,
492,2023-03-01,free,0,
493,2023-03-01,enterprise,299,
494,2023-03-01,free,0,
495,2023-03-01,enterprise,299,2023-10-28 00:00:00
496,2023-03-01,pro,79,
497,2023-03-01,free,0,
498,2023-03-01,starter,29,
499,2023-03-01,pro,79,
500,2023-03-01,starter,29,
501,2023-03-02,enterprise,299,
502,2023-03-02,enterprise,299,
503,2023-03-02,starter,29,2023-05-19 00:00:00
504,2023-03-02,free,0,
505,2023-03-02,enterprise,299,
506,2023-03-02,starter,29,
507,2023-03-02,free,0,
508,2023-03-02,free,0,
509,2023-03-03,starter,29,
510,2023-03-03,enterprise,299,
511,2023-03-03,pro,79,
512,2023-03-03,starter,29,
513,2023-03-03,free,0,
514,2023-03-03,free,0,
515,2023-03-03,pro,79,
516,2023-03-03,free,0,
517,2023-03-03,free,0,
518,2023-03-04,free,0,
519,2023-03-04,starter,29,
520,2023-03-04,enterprise,299,2023-06-06 00:00:00
521,2023-03-04,free,0,
522,2023-03-04,starter,29,
523,2023-03-04,starter,29,
524,2023-03-04,enterprise,299,
525,2023-03-04,free,0,
526,2023-03-04,starter,29,
527,2023-03-04,free,0,
528,2023-03-04,pro,79,
529,2023-03-05,starter,29,
530,2023-03-05,free,0,
531,2023-03-05,starter,29,
532,2023-03-06,pro,79,
533,2023-03-06,free,0,
534,2023-03-06,pro,79,
535,2023-03-06,free,0,
536,2023-03-06,starter,29,
537,2023-03-06,starter,29,
538,2023-03-06,pro,79,
539,2023-03-07,free,0,
540,2023-03-07,pro,79,
541,2023-03-07,pro,79,
542,2023-03-07,starter,29,
543,2023-03-07,pro,79,
544,2023-03-07,pro,79,
545,2023-03-07,free,0,
546,2023-03-07,free,0,
547,2023-03-07,enterprise,299,
548,2023-03-08,free,0,
549,2023-03-08,pro,79,
550,2023-03-08,enterprise,299,
551,2023-03-08,free,0,
552,2023-03-08,starter,29,
553,2023-03-09,starter,29,2023-11-27 00:00:00
554,2023-03-09,starter,29,
555,2023-03-09,free,0,
556,2023-03-09,free,0,
557,2023-03-09,starter,29,
558,2023-03-09,pro,79,
559,2023-03-09,pro,79,
560,2023-03-10,starter,29,
561,2023-03-10,free,0,
562,2023-03-10,starter,29,2023-07-07 00:00:00
563,2023-03-10,free,0,
564,2023-03-10,enterprise,299,2023-11-18 00:00:00
565,2023-03-10,pro,79,
566,2023-03-10,pro,79,
567,2023-03-10,enterprise,299,
568,2023-03-10,free,0,
569,2023-03-10,pro,79,
570,2023-03-10,free,0,
571,2023-03-10,enterprise,299,
572,2023-03-11,free,0,
573,2023-03-11,pro,79,
574,2023-03-11,pro,79,
575,2023-03-11,free,0,
576,2023-03-11,free,0,
577,2023-03-11,pro,79,
578,2023-03-11,starter,29,
579,2023-03-12,free,0,
580,2023-03-12,free,0,
581,2023-03-13,free,0,
582,2023-03-13,pro,79,2023-09-20 00:00:00
583,2023-03-13,starter,29,
584,2023-03-13,free,0,
585,2023-03-13,free,0,
586,2023-03-13,free,0,
587,2023-03-13,free,0,
588,2023-03-13,starter,29,
589,2023-03-13,free,0,
590,2023-03-14,free,0,
591,2023-03-14,pro,79,
592,2023-03-14,free,0,
593,2023-03-14,starter,29,
594,2023-03-14,starter,29,
595,2023-03-14,starter,29,
596,2023-03-14,starter,29,
597,2023-03-14,starter,29,2023-05-05 00:00:00
598,2023-03-15,pro,79,
599,2023-03-15,starter,29,
600,2023-03-15,starter,29,
601,2023-03-15,pro,79,
602,2023-03-15,starter,29,
603,2023-03-16,free,0,
604,2023-03-16,free,0,
605,2023-03-16,free,0,
606,2023-03-16,pro,79,
607,2023-03-16,pro,79,
608,2023-03-16,enterprise,299,
609,2023-03-16,starter,29,2023-06-27 00:00:00
610,2023-03-16,starter,29,
611,2023-03-16,free,0,
612,2023-03-17,starter,29,2023-09-18 00:00:00
613,2023-03-17,starter,29,
614,2023-03-17,enterprise,299,
615,2023-03-17,free,0,
616,2023-03-17,starter,29,2023-12-31 00:00:00
617,2023-03-17,starter,29,2023-05-28 00:00:00
618,2023-03-17,starter,29,2023-05-13 00:00:00
619,2023-03-17,starter,29,
620,2023-03-17,pro,79,
621,2023-03-17,free,0,
622,2023-03-18,pro,79,2023-05-25 00:00:00
623,2023-03-18,starter,29,
624,2023-03-18,pro,79,
625,2023-03-18,pro,79,
626,2023-03-18,free,0,
627,2023-03-19,free,0,
628,2023-03-19,enterprise,299,
629,2023-03-19,starter,29,
630,2023-03-19,enterprise,299,2023-11-03 00:00:00
631,2023-03-19,free,0,
632,2023-03-19,starter,29,
633,2023-03-19,pro,79,
634,2023-03-19,enterprise,299,
635,2023-03-19,free,0,
636,2023-03-20,pro,79,
637,2023-03-20,starter,29,
638,2023-03-20,free,0,
639,2023-03-20,starter,29,2023-07-18 00:00:00
640,2023-03-20,starter,29,
641,2023-03-20,enterprise,299,2023-07-13 00:00:00
642,2023-03-21,starter,29,
643,2023-03-21,free,0,
644,2023-03-21,free,0,
645,2023-03-21,starter,29,
646,2023-03-21,free,0,
647,2023-03-22,pro,79,
648,2023-03-22,free,0,
649,2023-03-22,enterprise,299,
650,2023-03-22,enterprise,299,2023-05-23 00:00:00
651,2023-03-22,starter,29,
652,2023-03-22,enterprise,299,
653,2023-03-22,pro,79,
654,2023-03-22,starter,29,
655,2023-03-23,free,0,
656,2023-03-23,starter,29,
657,2023-03-23,starter,29,
658,2023-03-23,pro,79,2023-12-21 00:00:00
659,2023-03-23,starter,29,
660,2023-03-23,pro,79,
661,2023-03-23,starter,29,
662,2023-03-23,free,0,
663,2023-03-23,enterprise,299,
664,2023-03-23,starter,29,2023-11-07 00:00:00
665,2023-03-24,free,0,
666,2023-03-24,starter,29,
667,2023-03-24,free,0,
668,2023-03-25,starter,29,2023-07-10 00:00:00
669,2023-03-25,starter,29,
670,2023-03-25,starter,29,2023-06-05 00:00:00
671,2023-03-25,enterprise,299,
672,2023-03-25,starter,29,
673,2023-03-25,free,0,
674,2023-03-25,starter,29,2023-08-12 00:00:00
675,2023-03-25,enterprise,299,
676,2023-03-25,free,0,
677,2023-03-25,free,0,
678,2023-03-25,free,0,
679,2023-03-25,free,0,
680,2023-03-26,pro,79,
681,2023-03-26,pro,79,
682,2023-03-26,free,0,
683,2023-03-26,starter,29,
684,2023-03-26,free,0,
685,2023-03-27,enterprise,299,
686,2023-03-27,enterprise,299,2023-06-18 00:00:00
687,2023-03-27,free,0,
688,2023-03-27,pro,79,
689,2023-03-27,pro,79,
690,2023-03-27,free,0,
691,2023-03-27,free,0,
692,2023-03-27,starter,29,2023-12-03 00:00:00
693,2023-03-27,pro,79,2023-05-16 00:00:00
694,2023-03-27,enterprise,299,2023-09-30 00:00:00
695,2023-03-27,pro,79,2023-10-01 00:00:00
696,2023-03-27,pro,79,
697,2023-03-27,starter,29,
698,2023-03-28,pro,79,
699,2023-03-28,pro,79,
700,2023-03-28,free,0,
701,2023-03-28,starter,29,
702,2023-03-28,pro,79,2023-06-11 00:00:00
703,2023-03-28,free,0,
704,2023-03-28,pro,79,
705,2023-03-29,free,0,
706,2023-03-29,starter,29,
707,2023-03-29,pro,79,
708,2023-03-29,free,0,
709,2023-03-30,free,0,
710,2023-03-30,starter,29,
711,2023-03-30,pro,79,2023-12-31 00:00:00
712,2023-03-30,free,0,
713,2023-03-30,enterprise,299,
714,2023-03-30,free,0,
715,2023-03-30,enterprise,299,
716,2023-03-30,enterprise,299,
717,2023-03-30,starter,29,
718,2023-03-31,starter,29,
719,2023-03-31,starter,29,
720,2023-03-31,starter,29,
721,2023-03-31,free,0,
722,2023-03-31,free,0,
723,2023-03-31,free,0,
724,2023-03-31,starter,29,
725,2023-03-31,free,0,
726,2023-03-31,starter,29,
727,2023-03-31,enterprise,299,
728,2023-03-31,free,0,
729,2023-03-31,starter,29,
730,2023-04-01,starter,29,
731,2023-04-02,pro,79,
732,2023-04-02,enterprise,299,
733,2023-04-02,pro,79,
734,2023-04-02,enterprise,299,
735,2023-04-02,free,0,
736,2023-04-02,pro,79,2023-08-29 00:00:00
737,2023-04-02,pro,79,
738,2023-04-02,free,0,
739,2023-04-02,enterprise,299,
740,2023-04-02,free,0,
741,2023-04-02,starter,29,
742,2023-04-02,free,0,
743,2023-04-03,starter,29,
744,2023-04-03,pro,79,
745,2023-04-03,starter,29,2023-12-20 00:00:00
746,2023-04-03,starter,29,
747,2023-04-03,free,0,
748,2023-04-03,pro,79,
749,2023-04-04,free,0,
750,2023-04-04,starter,29,
751,2023-04-04,enterprise,299,
752,2023-04-05,pro,79,
753,2023-04-05,starter,29,2023-09-14 00:00:00
754,2023-04-05,pro,79,
755,2023-04-05,pro,79,
756,2023-04-05,pro,79,
757,2023-04-05,starter,29,2023-07-23 00:00:00
758,2023-04-05,free,0,
759,2023-04-05,free,0,
760,2023-04-05,free,0,
761,2023-04-05,starter,29,2023-07-21 00:00:00
762,2023-04-06,free,0,
763,2023-04-06,starter,29,
764,2023-04-06,free,0,
765,2023-04-06,free,0,
766,2023-04-06,pro,79,2023-12-31 00:00:00
767,2023-04-06,starter,29,
768,2023-04-06,free,0,
769,2023-04-06,pro,79,
770,2023-04-06,free,0,
771,2023-04-07,pro,79,
772,2023-04-07,pro,79,
773,2023-04-07,free,0,
774,2023-04-07,pro,79,2023-11-25 00:00:00
775,2023-04-07,starter,29,
776,2023-04-07,starter,29,
777,2023-04-07,free,0,
778,2023-04-08,free,0,
779,2023-04-08,enterprise,299,
780,2023-04-08,free,0,
781,2023-04-08,starter,29,
782,2023-04-08,starter,29,
783,2023-04-08,starter,29,
784,2023-04-08,free,0,
785,2023-04-08,free,0,
786,2023-04-08,pro,79,
787,2023-04-08,free,0,
788,2023-04-08,free,0,
789,2023-04-08,free,0,
790,2023-04-09,starter,29,
791,2023-04-09,pro,79,
792,2023-04-09,free,0,
793,2023-04-09,free,0,
794,2023-04-09,free,0,
795,2023-04-09,pro,79,
796,2023-04-09,starter,29,2023-06-09 00:00:00
797,2023-04-09,starter,29,
798,2023-04-09,pro,79,
799,2023-04-09,starter,29,
800,2023-04-09,pro,79,
801,2023-04-09,pro,79,
802,2023-04-09,free,0,
803,2023-04-10,free,0,
804,2023-04-10,free,0,
805,2023-04-10,free,0,
806,2023-04-10,enterprise,299,
807,2023-04-10,starter,29,
808,2023-04-10,free,0,
809,2023-04-10,pro,79,
810,2023-04-11,starter,29,2023-12-29 00:00:00
811,2023-04-11,free,0,
812,2023-04-11,free,0,
813,2023-04-11,starter,29,
814,2023-04-11,pro,79,
815,2023-04-11,free,0,
816,2023-04-11,free,0,
817,2023-04-11,starter,29,
818,2023-04-11,free,0,
819,2023-04-11,starter,29,
820,2023-04-11,starter,29,2023-06-07 00:00:00
821,2023-04-11,free,0,
822,2023-04-11,enterprise,299,
823,2023-04-11,starter,29,
824,2023-04-12,free,0,
825,2023-04-12,starter,29,
826,2023-04-12,pro,79,
827,2023-04-12,pro,79,
828,2023-04-12,free,0,
829,2023-04-12,enterprise,299,
830,2023-04-12,starter,29,
831,2023-04-13,free,0,
832,2023-04-13,free,0,
833,2023-04-13,free,0,
834,2023-04-13,pro,79,2023-05-28 00:00:00
835,2023-04-13,free,0,
836,2023-04-13,free,0,
837,2023-04-13,pro,79,
838,2023-04-14,free,0,
839,2023-04-14,free,0,
840,2023-04-14,free,0,
841,2023-04-14,free,0,
842,2023-04-14,free,0,
843,2023-04-14,starter,29,
844,2023-04-14,free,0,
845,2023-04-14,free,0,
846,2023-04-14,pro,79,
847,2023-04-14,starter,29,
848,2023-04-14,starter,29,
849,2023-04-15,starter,29,
850,2023-04-15,free,0,
851,2023-04-15,starter,29,
852,2023-04-15,starter,29,
853,2023-04-15,free,0,
854,2023-04-15,enterprise,299,2023-12-31 00:00:00
855,2023-04-16,free,0,
856,2023-04-16,pro,79,
857,2023-04-16,free,0,
858,2023-04-16,pro,79,
859,2023-04-16,starter,29,
860,2023-04-16,pro,79,
861,2023-04-16,free,0,
862,2023-04-16,starter,29,
863,2023-04-16,starter,29,
864,2023-04-17,pro,79,
865,2023-04-17,starter,29,
866,2023-04-17,starter,29,
867,2023-04-17,starter,29,2023-09-21 00:00:00
868,2023-04-17,free,0,
869,2023-04-17,starter,29,
870,2023-04-17,free,0,
871,2023-04-17,enterprise,299,
872,2023-04-18,pro,79,
873,2023-04-18,enterprise,299,
874,2023-04-18,free,0,
875,2023-04-18,pro,79,
876,2023-04-18,pro,79,2023-10-11 00:00:00
877,2023-04-18,starter,29,
878,2023-04-18,starter,29,
879,2023-04-18,free,0,
880,2023-04-18,pro,79,
881,2023-04-19,starter,29,
882,2023-04-19,free,0,
883,2023-04-19,free,0,
884,2023-04-19,enterprise,299,
885,2023-04-19,pro,79,2023-09-29 00:00:00
886,2023-04-19,enterprise,299,
887,2023-04-20,starter,29,
888,2023-04-20,free,0,
889,2023-04-20,free,0,
890,2023-04-21,free,0,
891,2023-04-21,free,0,
892,2023-04-21,free,0,
893,2023-04-21,free,0,
894,2023-04-21,starter,29,
895,2023-04-21,enterprise,299,
896,2023-04-21,starter,29,
897,2023-04-21,pro,79,
898,2023-04-21,starter,29,
899,2023-04-21,free,0,
900,2023-04-21,free,0,
901,2023-04-21,free,0,
902,2023-04-21,free,0,
903,2023-04-22,starter,29,
904,2023-04-22,free,0,
905,2023-04-22,free,0,
906,2023-04-22,free,0,
907,2023-04-22,enterprise,299,
908,2023-04-22,pro,79,2023-10-01 00:00:00
909,2023-04-22,pro,79,2023-06-03 00:00:00
910,2023-04-22,free,0,
911,2023-04-23,pro,79,
912,2023-04-23,pro,79,
913,2023-04-23,starter,29,
914,2023-04-23,enterprise,299,2023-07-29 00:00:00
915,2023-04-23,free,0,
916,2023-04-23,enterprise,299,
917,2023-04-23,enterprise,299,
918,2023-04-23,free,0,
919,2023-04-23,starter,29,
920,2023-04-23,enterprise,299,
921,2023-04-23,free,0,
922,2023-04-23,starter,29,
923,2023-04-23,enterprise,299,
924,2023-04-23,starter,29,2023-09-06 00:00:00
925,2023-04-23,free,0,
926,2023-04-24,starter,29,
927,2023-04-24,free,0,
928,2023-04-24,starter,29,2023-09-13 00:00:00
929,2023-04-24,free,0,
930,2023-04-24,starter,29,
931,2023-04-24,starter,29,
932,2023-04-24,pro,79,
933,2023-04-24,starter,29,
934,2023-04-25,starter,29,
935,2023-04-25,starter,29,
936,2023-04-25,free,0,
937,2023-04-25,starter,29,
938,2023-04-25,free,0,
939,2023-04-26,enterprise,299,2023-10-07 00:00:00
940,2023-04-26,free,0,
941,2023-04-26,starter,29,
942,2023-04-26,starter,29,
943,2023-04-26,starter,29,
944,2023-04-26,free,0,
945,2023-04-26,starter,29,
946,2023-04-26,starter,29,
947,2023-04-27,pro,79,
948,2023-04-27,free,0,
949,2023-04-27,starter,29,
950,2023-04-27,starter,29,
951,2023-04-27,starter,29,2023-11-21 00:00:00
952,2023-04-27,starter,29,
953,2023-04-27,starter,29,
954,2023-04-27,free,0,
955,2023-04-27,free,0,
956,2023-04-27,free,0,
957,2023-04-27,free,0,
958,2023-04-27,starter,29,
959,2023-04-27,starter,29,2023-07-26 00:00:00
960,2023-04-28,free,0,
961,2023-04-28,enterprise,299,
962,2023-04-28,free,0,
963,2023-04-28,pro,79,
964,2023-04-28,starter,29,
965,2023-04-28,free,0,
966,2023-04-28,free,0,
967,2023-04-28,starter,29,
968,2023-04-28,free,0,
969,2023-04-28,enterprise,299,
970,2023-04-28,starter,29,
971,2023-04-28,enterprise,299,
972,2023-04-29,free,0,
973,2023-04-29,pro,79,
974,2023-04-29,starter,29,
975,2023-04-29,pro,79,
976,2023-04-29,free,0,
977,2023-04-29,starter,29,
978,2023-04-29,starter,29,
979,2023-04-29,pro,79,
980,2023-04-29,free,0,
981,2023-04-29,pro,79,
982,2023-04-30,free,0,
983,2023-04-30,pro,79,
984,2023-04-30,pro,79,
985,2023-04-30,pro,79,
986,2023-04-30,starter,29,
987,2023-04-30,starter,29,
988,2023-04-30,enterprise,299,2023-12-11 00:00:00
989,2023-04-30,free,0,
990,2023-04-30,starter,29,
991,2023-05-01,starter,29,
992,2023-05-01,pro,79,
993,2023-05-01,free,0,
994,2023-05-01,starter,29,2023-12-31 00:00:00
995,2023-05-01,pro,79,
996,2023-05-01,free,0,
997,2023-05-01,enterprise,299,
998,2023-05-02,free,0,
999,2023-05-02,free,0,
1000,2023-05-02,free,0,
1001,2023-05-02,free,0,
1002,2023-05-02,enterprise,299,2023-09-14 00:00:00
1003,2023-05-02,free,0,
1004,2023-05-02,starter,29,
1005,2023-05-02,free,0,
1006,2023-05-02,starter,29,
1007,2023-05-02,starter,29,
1008,2023-05-03,free,0,
1009,2023-05-03,free,0,
1010,2023-05-03,pro,79,
1011,2023-05-03,free,0,
1012,2023-05-04,starter,29,
1013,2023-05-04,free,0,
1014,2023-05-04,pro,79,
1015,2023-05-04,free,0,
1016,2023-05-04,starter,29,
1017,2023-05-04,free,0,
1018,2023-05-04,enterprise,299,2023-10-18 00:00:00
1019,2023-05-05,free,0,
1020,2023-05-05,pro,79,
1021,2023-05-05,starter,29,
1022,2023-05-05,free,0,
1023,2023-05-05,pro,79,
1024,2023-05-05,free,0,
1025,2023-05-06,pro,79,
1026,2023-05-06,enterprise,299,2023-12-31 00:00:00
1027,2023-05-06,pro,79,2023-08-05 00:00:00
1028,2023-05-06,free,0,
1029,2023-05-06,pro,79,
1030,2023-05-06,starter,29,
1031,2023-05-06,pro,79,
1032,2023-05-06,starter,29,
1033,2023-05-06,pro,79,
1034,2023-05-06,starter,29,
1035,2023-05-07,starter,29,
1036,2023-05-07,free,0,
1037,2023-05-07,pro,79,
1038,2023-05-07,starter,29,
1039,2023-05-07,starter,29,
1040,2023-05-07,pro,79,
1041,2023-05-08,starter,29,
1042,2023-05-08,free,0,
1043,2023-05-08,starter,29,
1044,2023-05-08,starter,29,
1045,2023-05-08,starter,29,2023-12-31 00:00:00
1046,2023-05-08,free,0,
1047,2023-05-08,free,0,
1048,2023-05-08,free,0,
1049,2023-05-08,pro,79,
1050,2023-05-09,free,0,
1051,2023-05-09,starter,29,
1052,2023-05-09,enterprise,299,
1053,2023-05-09,free,0,
1054,2023-05-09,starter,29,
1055,2023-05-09,pro,79,
1056,2023-05-09,enterprise,299,2023-10-09 00:00:00
1057,2023-05-09,pro,79,
1058,2023-05-09,pro,79,
1059,2023-05-09,pro,79,
1060,2023-05-10,starter,29,
1061,2023-05-10,pro,79,
1062,2023-05-10,free,0,
1063,2023-05-10,enterprise,299,2023-12-31 00:00:00
1064,2023-05-10,starter,29,
1065,2023-05-10,starter,29,
1066,2023-05-10,free,0,
1067,2023-05-10,pro,79,
1068,2023-05-10,free,0,
1069,2023-05-10,pro,79,
1070,2023-05-10,pro,79,2023-11-06 00:00:00
1071,2023-05-10,free,0,
1072,2023-05-10,pro,79,
1073,2023-05-10,pro,79,
1074,2023-05-11,starter,29,2023-08-17 00:00:00
1075,2023-05-11,free,0,
1076,2023-05-11,free,0,
1077,2023-05-11,free,0,
1078,2023-05-11,free,0,
1079,2023-05-11,enterprise,299,
1080,2023-05-11,free,0,
1081,2023-05-11,pro,79,2023-09-29 00:00:00
1082,2023-05-11,free,0,
1083,2023-05-11,starter,29,
1084,2023-05-12,pro,79,
1085,2023-05-12,pro,79,
1086,2023-05-12,free,0,
1087,2023-05-12,starter,29,
1088,2023-05-12,starter,29,
1089,2023-05-12,free,0,
1090,2023-05-12,free,0,
1091,2023-05-13,starter,29,
1092,2023-05-13,starter,29,
1093,2023-05-13,pro,79,
1094,2023-05-13,free,0,
1095,2023-05-13,starter,29,2023-12-31 00:00:00
1096,2023-05-13,starter,29,
1097,2023-05-13,pro,79,
1098,2023-05-13,pro,79,
1099,2023-05-13,starter,29,2023-08-18 00:00:00
1100,2023-05-13,pro,79,
1101,2023-05-13,free,0,
1102,2023-05-14,starter,29,
1103,2023-05-14,free,0,
1104,2023-05-14,starter,29,
1105,2023-05-14,pro,79,2023-11-30 00:00:00
1106,2023-05-14,pro,79,
1107,2023-05-14,free,0,
1108,2023-05-14,starter,29,2023-12-31 00:00:00
1109,2023-05-14,starter,29,
1110,2023-05-15,free,0,
1111,2023-05-15,free,0,
1112,2023-05-15,free,0,
1113,2023-05-15,free,0,
1114,2023-05-16,free,0,
1115,2023-05-16,free,0,
1116,2023-05-16,free,0,
1117,2023-05-16,pro,79,
1118,2023-05-16,starter,29,
1119,2023-05-16,enterprise,299,
1120,2023-05-16,starter,29,
1121,2023-05-16,pro,79,
1122,2023-05-16,pro,79,
1123,2023-05-16,starter,29,
1124,2023-05-17,starter,29,
1125,2023-05-17,pro,79,
1126,2023-05-17,free,0,
1127,2023-05-17,free,0,
1128,2023-05-17,starter,29,2023-08-01 00:00:00
1129,2023-05-17,starter,29,2023-12-31 00:00:00
1130,2023-05-17,free,0,
1131,2023-05-17,enterprise,299,
1132,2023-05-18,starter,29,
1133,2023-05-18,starter,29,
1134,2023-05-18,enterprise,299,2023-12-31 00:00:00
1135,2023-05-18,starter,29,
1136,2023-05-18,enterprise,299,2023-12-21 00:00:00
1137,2023-05-18,starter,29,
1138,2023-05-18,free,0,
1139,2023-05-19,pro,79,
1140,2023-05-19,starter,29,
1141,2023-05-19,pro,79,
1142,2023-05-20,enterprise,299,
1143,2023-05-20,pro,79,
1144,2023-05-20,starter,29,
1145,2023-05-20,pro,79,
1146,2023-05-21,starter,29,2023-07-09 00:00:00
1147,2023-05-21,starter,29,
1148,2023-05-21,pro,79,
1149,2023-05-21,free,0,
1150,2023-05-21,pro,79,
1151,2023-05-21,pro,79,
1152,2023-05-21,pro,79,
1153,2023-05-21,starter,29,
1154,2023-05-21,pro,79,
1155,2023-05-22,starter,29,
1156,2023-05-22,pro,79,
1157,2023-05-22,free,0,
1158,2023-05-22,free,0,
1159,2023-05-22,free,0,
1160,2023-05-22,starter,29,
1161,2023-05-23,starter,29,
1162,2023-05-23,pro,79,
1163,2023-05-23,starter,29,2023-09-18 00:00:00
1164,2023-05-23,starter,29,
1165,2023-05-23,free,0,
1166,2023-05-23,starter,29,2023-12-31 00:00:00
1167,2023-05-23,starter,29,2023-12-18 00:00:00
1168,2023-05-23,free,0,
1169,2023-05-23,free,0,
1170,2023-05-23,free,0,
1171,2023-05-23,free,0,
1172,2023-05-23,starter,29,
1173,2023-05-24,free,0,
1174,2023-05-24,pro,79,
1175,2023-05-24,pro,79,
1176,2023-05-24,starter,29,
1177,2023-05-24,enterprise,299,
1178,2023-05-24,starter,29,
1179,2023-05-24,starter,29,
1180,2023-05-24,enterprise,299,2023-10-31 00:00:00
1181,2023-05-24,free,0,
1182,2023-05-24,enterprise,299,2023-08-28 00:00:00
1183,2023-05-24,free,0,
1184,2023-05-24,starter,29,
1185,2023-05-25,free,0,
1186,2023-05-25,pro,79,
1187,2023-05-25,starter,29,2023-07-17 00:00:00
1188,2023-05-25,pro,79,
1189,2023-05-25,free,0,
1190,2023-05-25,free,0,
1191,2023-05-25,free,0,
1192,2023-05-25,free,0,
1193,2023-05-25,enterprise,299,
1194,2023-05-25,free,0,
1195,2023-05-25,pro,79,
1196,2023-05-26,pro,79,
1197,2023-05-26,free,0,
1198,2023-05-26,starter,29,
1199,2023-05-26,free,0,
1200,2023-05-26,free,0,
1201,2023-05-26,free,0,
1202,2023-05-26,starter,29,
1203,2023-05-26,starter,29,2023-09-16 00:00:00
1204,2023-05-26,starter,29,
1205,2023-05-26,starter,29,
1206,2023-05-27,free,0,
1207,2023-05-27,starter,29,
1208,2023-05-27,pro,79,
1209,2023-05-27,free,0,
1210,2023-05-27,free,0,
1211,2023-05-27,pro,79,
1212,2023-05-27,free,0,
1213,2023-05-27,starter,29,
1214,2023-05-27,free,0,
1215,2023-05-27,free,0,
1216,2023-05-27,free,0,
1217,2023-05-28,free,0,
1218,2023-05-28,starter,29,
1219,2023-05-28,starter,29,
1220,2023-05-28,pro,79,
1221,2023-05-28,pro,79,2023-08-02 00:00:00
1222,2023-05-28,starter,29,
1223,2023-05-28,pro,79,
1224,2023-05-28,free,0,
1225,2023-05-28,starter,29,
1226,2023-05-28,pro,79,
1227,2023-05-28,free,0,
1228,2023-05-29,starter,29,
1229,2023-05-29,free,0,
1230,2023-05-29,starter,29,
1231,2023-05-29,pro,79,
1232,2023-05-29,pro,79,2023-09-18 00:00:00
1233,2023-05-29,pro,79,2023-07-24 00:00:00
1234,2023-05-29,pro,79,
1235,2023-05-29,starter,29,
1236,2023-05-29,starter,29,
1237,2023-05-29,free,0,
1238,2023-05-29,starter,29,
1239,2023-05-29,starter,29,
1240,2023-05-30,enterprise,299,
1241,2023-05-30,starter,29,
1242,2023-05-30,starter,29,
1243,2023-05-30,starter,29,
1244,2023-05-30,starter,29,
1245,2023-05-30,pro,79,
1246,2023-05-30,free,0,
1247,2023-05-30,starter,29,
1248,2023-05-31,pro,79,
1249,2023-05-31,starter,29,2023-09-06 00:00:00
1250,2023-05-31,free,0,
1251,2023-05-31,starter,29,
1252,2023-05-31,pro,79,
1253,2023-05-31,free,0,
1254,2023-05-31,pro,79,
1255,2023-05-31,pro,79,
1256,2023-05-31,starter,29,
1257,2023-05-31,enterprise,299,
1258,2023-06-01,pro,79,
1259,2023-06-01,pro,79,2023-10-29 00:00:00
1260,2023-06-01,pro,79,2023-08-17 00:00:00
1261,2023-06-01,free,0,
1262,2023-06-01,free,0,
1263,2023-06-01,starter,29,
1264,2023-06-01,free,0,
1265,2023-06-01,starter,29,
1266,2023-06-01,pro,79,
1267,2023-06-01,pro,79,
1268,2023-06-01,starter,29,
1269,2023-06-01,pro,79,
1270,2023-06-01,pro,79,
1271,2023-06-01,starter,29,
1272,2023-06-01,free,0,
1273,2023-06-01,starter,29,
1274,2023-06-02,pro,79,2023-09-08 00:00:00
1275,2023-06-02,starter,29,
1276,2023-06-02,starter,29,
1277,2023-06-02,free,0,
1278,2023-06-02,pro,79,
1279,2023-06-02,pro,79,
1280,2023-06-02,pro,79,
1281,2023-06-02,enterprise,299,
1282,2023-06-02,pro,79,
1283,2023-06-03,enterprise,299,
1284,2023-06-03,enterprise,299,
1285,2023-06-03,pro,79,
1286,2023-06-03,starter,29,
1287,2023-06-03,free,0,
1288,2023-06-03,starter,29,
1289,2023-06-03,starter,29,
1290,2023-06-03,free,0,
1291,2023-06-03,free,0,
1292,2023-06-03,enterprise,299,
1293,2023-06-03,pro,79,
1294,2023-06-03,pro,79,2023-12-30 00:00:00
1295,2023-06-03,starter,29,
1296,2023-06-03,free,0,
1297,2023-06-04,free,0,
1298,2023-06-04,free,0,
1299,2023-06-04,free,0,
1300,2023-06-04,free,0,
1301,2023-06-04,enterprise,299,
1302,2023-06-05,pro,79,2023-12-31 00:00:00
1303,2023-06-05,free,0,
1304,2023-06-05,free,0,
1305,2023-06-05,starter,29,2023-09-12 00:00:00
1306,2023-06-05,free,0,
1307,2023-06-06,enterprise,299,
1308,2023-06-06,starter,29,
1309,2023-06-06,starter,29,
1310,2023-06-06,free,0,
1311,2023-06-06,free,0,
1312,2023-06-06,starter,29,
1313,2023-06-06,pro,79,
1314,2023-06-06,starter,29,2023-12-31 00:00:00
1315,2023-06-07,free,0,
1316,2023-06-07,starter,29,
1317,2023-06-07,starter,29,
1318,2023-06-07,pro,79,
1319,2023-06-07,free,0,
1320,2023-06-07,free,0,
1321,2023-06-07,starter,29,
1322,2023-06-07,starter,29,
1323,2023-06-07,starter,29,
1324,2023-06-07,starter,29,
1325,2023-06-07,starter,29,2023-11-14 00:00:00
1326,2023-06-07,pro,79,
1327,2023-06-08,starter,29,
1328,2023-06-08,enterprise,299,
1329,2023-06-08,starter,29,
1330,2023-06-08,enterprise,299,
1331,2023-06-08,pro,79,2023-09-02 00:00:00
1332,2023-06-08,free,0,
1333,2023-06-09,pro,79,2023-12-31 00:00:00
1334,2023-06-09,free,0,
1335,2023-06-09,enterprise,299,
1336,2023-06-09,starter,29,2023-12-31 00:00:00
1337,2023-06-09,free,0,
1338,2023-06-09,starter,29,
1339,2023-06-09,enterprise,299,
1340,2023-06-09,free,0,
1341,2023-06-09,starter,29,
1342,2023-06-09,pro,79,
1343,2023-06-09,pro,79,
1344,2023-06-09,starter,29,
1345,2023-06-09,free,0,
1346,2023-06-09,free,0,
1347,2023-06-09,starter,29,
1348,2023-06-09,starter,29,
1349,2023-06-10,enterprise,299,
1350,2023-06-10,free,0,
1351,2023-06-10,starter,29,
1352,2023-06-10,free,0,
1353,2023-06-10,free,0,
1354,2023-06-10,starter,29,
1355,2023-06-10,starter,29,
1356,2023-06-10,starter,29,
1357,2023-06-10,enterprise,299,
1358,2023-06-10,starter,29,
1359,2023-06-10,enterprise,299,
1360,2023-06-10,pro,79,
1361,2023-06-10,starter,29,
1362,2023-06-10,pro,79,
1363,2023-06-10,starter,29,
1364,2023-06-11,free,0,
1365,2023-06-11,pro,79,2023-12-31 00:00:00
1366,2023-06-11,free,0,
1367,2023-06-11,starter,29,
1368,2023-06-11,pro,79,
1369,2023-06-12,free,0,
1370,2023-06-12,free,0,
1371,2023-06-12,enterprise,299,2023-12-25 00:00:00
1372,2023-06-12,starter,29,
1373,2023-06-12,free,0,
1374,2023-06-12,starter,29,
1375,2023-06-12,starter,29,
1376,2023-06-12,starter,29,
1377,2023-06-12,enterprise,299,
1378,2023-06-13,starter,29,2023-12-31 00:00:00
1379,2023-06-13,free,0,
1380,2023-06-13,pro,79,
1381,2023-06-13,pro,79,
1382,2023-06-13,free,0,
1383,2023-06-13,free,0,
1384,2023-06-13,free,0,
1385,2023-06-13,starter,29,
1386,2023-06-13,starter,29,
1387,2023-06-13,starter,29,
1388,2023-06-13,enterprise,299,
1389,2023-06-13,pro,79,
1390,2023-06-14,free,0,
1391,2023-06-14,free,0,
1392,2023-06-14,starter,29,
1393,2023-06-14,free,0,
1394,2023-06-14,starter,29,2023-12-31 00:00:00
1395,2023-06-14,pro,79,
1396,2023-06-14,free,0,
1397,2023-06-14,starter,29,
1398,2023-06-15,pro,79,
1399,2023-06-15,starter,29,
1400,2023-06-15,free,0,
1401,2023-06-15,starter,29,
1402,2023-06-15,free,0,
1403,2023-06-15,enterprise,299,
1404,2023-06-16,free,0,
1405,2023-06-16,starter,29,
1406,2023-06-16,starter,29,
1407,2023-06-16,enterprise,299,
1408,2023-06-16,free,0,
1409,2023-06-16,free,0,
1410,2023-06-16,free,0,
1411,2023-06-17,free,0,
1412,2023-06-17,free,0,
1413,2023-06-17,starter,29,
1414,2023-06-17,free,0,
1415,2023-06-17,free,0,
1416,2023-06-17,pro,79,
1417,2023-06-18,free,0,
1418,2023-06-18,free,0,
1419,2023-06-18,free,0,
1420,2023-06-18,enterprise,299,
1421,2023-06-18,free,0,
1422,2023-06-19,pro,79,
1423,2023-06-19,pro,79,
1424,2023-06-19,free,0,
1425,2023-06-19,enterprise,299,
1426,2023-06-19,free,0,
1427,2023-06-19,free,0,
1428,2023-06-19,pro,79,
1429,2023-06-19,pro,79,
1430,2023-06-19,starter,29,
1431,2023-06-19,free,0,
1432,2023-06-20,starter,29,
1433,2023-06-20,pro,79,
1434,2023-06-20,free,0,
1435,2023-06-20,free,0,
1436,2023-06-20,free,0,
1437,2023-06-21,free,0,
1438,2023-06-21,pro,79,2023-12-31 00:00:00
1439,2023-06-21,starter,29,
1440,2023-06-21,enterprise,299,
1441,2023-06-21,free,0,
1442,2023-06-21,pro,79,
1443,2023-06-21,free,0,
1444,2023-06-21,free,0,
1445,2023-06-21,free,0,
1446,2023-06-22,free,0,
1447,2023-06-22,starter,29,2023-09-19 00:00:00
1448,2023-06-22,enterprise,299,
1449,2023-06-22,starter,29,
1450,2023-06-22,free,0,
1451,2023-06-22,free,0,
1452,2023-06-22,free,0,
1453,2023-06-22,starter,29,
1454,2023-06-22,pro,79,
1455,2023-06-22,enterprise,299,
1456,2023-06-22,free,0,
1457,2023-06-22,starter,29,2023-11-30 00:00:00
1458,2023-06-22,starter,29,
1459,2023-06-22,starter,29,
1460,2023-06-23,starter,29,
1461,2023-06-23,starter,29,
1462,2023-06-23,starter,29,
1463,2023-06-23,free,0,
1464,2023-06-23,pro,79,
1465,2023-06-23,free,0,
1466,2023-06-24,starter,29,
1467,2023-06-24,starter,29,
1468,2023-06-24,starter,29,
1469,2023-06-24,enterprise,299,
1470,2023-06-24,pro,79,
1471,2023-06-24,pro,79,
1472,2023-06-24,starter,29,
1473,2023-06-25,pro,79,
1474,2023-06-25,starter,29,
1475,2023-06-25,pro,79,
1476,2023-06-25,starter,29,
1477,2023-06-25,enterprise,299,2023-12-31 00:00:00
1478,2023-06-25,enterprise,299,
1479,2023-06-25,pro,79,
1480,2023-06-26,free,0,
1481,2023-06-26,free,0,
1482,2023-06-26,pro,79,
1483,2023-06-26,free,0,
1484,2023-06-26,pro,79,
1485,2023-06-26,starter,29,
1486,2023-06-26,starter,29,
1487,2023-06-26,enterprise,299,
1488,2023-06-26,starter,29,
1489,2023-06-26,starter,29,
1490,2023-06-27,starter,29,
1491,2023-06-27,free,0,
1492,2023-06-27,pro,79,
1493,2023-06-27,free,0,
1494,2023-06-27,enterprise,299,
1495,2023-06-27,pro,79,
1496,2023-06-27,free,0,
1497,2023-06-27,pro,79,
1498,2023-06-27,starter,29,
1499,2023-06-27,free,0,
1500,2023-06-27,enterprise,299,
1501,2023-06-27,free,0,
1502,2023-06-28,free,0,
1503,2023-06-28,starter,29,
1504,2023-06-28,starter,29,
1505,2023-06-28,starter,29,
1506,2023-06-28,pro,79,
1507,2023-06-28,starter,29,2023-12-31 00:00:00
1508,2023-06-28,starter,29,
1509,2023-06-29,free,0,
1510,2023-06-29,free,0,
1511,2023-06-29,free,0,
1512,2023-06-29,free,0,
1513,2023-06-29,starter,29,
1514,2023-06-29,free,0,
1515,2023-06-29,free,0,
1516,2023-06-30,free,0,
1517,2023-06-30,enterprise,299,
1518,2023-06-30,enterprise,299,
1519,2023-06-30,starter,29,
1520,2023-06-30,enterprise,299,
1521,2023-06-30,pro,79,
1522,2023-06-30,starter,29,
1523,2023-06-30,free,0,
1524,2023-07-01,pro,79,2023-12-31 00:00:00
1525,2023-07-01,pro,79,
1526,2023-07-01,starter,29,
1527,2023-07-01,pro,79,
1528,2023-07-01,starter,29,
1529,2023-07-01,pro,79,
1530,2023-07-02,enterprise,299,
1531,2023-07-02,free,0,
1532,2023-07-02,pro,79,
1533,2023-07-02,starter,29,
1534,2023-07-02,starter,29,
1535,2023-07-02,pro,79,
1536,2023-07-02,free,0,
1537,2023-07-02,starter,29,2023-12-31 00:00:00
1538,2023-07-02,free,0,
1539,2023-07-03,starter,29,
1540,2023-07-03,starter,29,
1541,2023-07-03,pro,79,
1542,2023-07-03,free,0,
1543,2023-07-03,starter,29,
1544,2023-07-03,free,0,
1545,2023-07-03,pro,79,
1546,2023-07-04,enterprise,299,2023-09-18 00:00:00
1547,2023-07-04,enterprise,299,
1548,2023-07-04,pro,79,
1549,2023-07-05,pro,79,
1550,2023-07-05,free,0,
1551,2023-07-05,free,0,
1552,2023-07-05,starter,29,
1553,2023-07-05,pro,79,2023-11-17 00:00:00
1554,2023-07-05,enterprise,299,
1555,2023-07-05,free,0,
1556,2023-07-05,enterprise,299,
1557,2023-07-06,starter,29,
1558,2023-07-06,starter,29,
1559,2023-07-06,free,0,
1560,2023-07-06,free,0,
1561,2023-07-06,starter,29,
1562,2023-07-06,starter,29,
1563,2023-07-06,free,0,
1564,2023-07-07,starter,29,
1565,2023-07-07,pro,79,
1566,2023-07-07,pro,79,
1567,2023-07-07,enterprise,299,
1568,2023-07-07,free,0,
1569,2023-07-07,free,0,
1570,2023-07-07,pro,79,
1571,2023-07-07,starter,29,
1572,2023-07-07,free,0,
1573,2023-07-07,free,0,
1574,2023-07-07,starter,29,
1575,2023-07-07,free,0,
1576,2023-07-07,free,0,
1577,2023-07-08,free,0,
1578,2023-07-08,free,0,
1579,2023-07-08,starter,29,
1580,2023-07-08,starter,29,
1581,2023-07-09,starter,29,2023-12-31 00:00:00
1582,2023-07-09,free,0,
1583,2023-07-09,free,0,
1584,2023-07-09,starter,29,
1585,2023-07-09,starter,29,
1586,2023-07-09,starter,29,
1587,2023-07-09,free,0,
1588,2023-07-09,enterprise,299,
1589,2023-07-09,free,0,
1590,2023-07-09,starter,29,
1591,2023-07-10,starter,29,
1592,2023-07-10,starter,29,
1593,2023-07-10,free,0,
1594,2023-07-10,starter,29,2023-12-31 00:00:00
1595,2023-07-10,pro,79,2023-12-31 00:00:00
1596,2023-07-10,free,0,
1597,2023-07-10,free,0,
1598,2023-07-11,free,0,
1599,2023-07-11,pro,79,
1600,2023-07-11,free,0,
1601,2023-07-11,enterprise,299,
1602,2023-07-11,starter,29,
1603,2023-07-11,enterprise,299,
1604,2023-07-11,enterprise,299,2023-09-29 00:00:00
1605,2023-07-11,starter,29,
1606,2023-07-11,free,0,
1607,2023-07-11,free,0,
1608,2023-07-11,free,0,
1609,2023-07-11,pro,79,
1610,2023-07-11,free,0,
1611,2023-07-11,free,0,
1612,2023-07-12,starter,29,2023-09-06 00:00:00
1613,2023-07-12,enterprise,299,
1614,2023-07-12,free,0,
1615,2023-07-12,free,0,
1616,2023-07-13,free,0,
1617,2023-07-13,enterprise,299,
1618,2023-07-13,starter,29,
1619,2023-07-13,free,0,
1620,2023-07-13,free,0,
1621,2023-07-14,free,0,
1622,2023-07-14,free,0,
1623,2023-07-14,enterprise,299,
1624,2023-07-14,pro,79,
1625,2023-07-14,starter,29,
1626,2023-07-14,pro,79,
1627,2023-07-14,free,0,
1628,2023-07-15,pro,79,
1629,2023-07-15,pro,79,
1630,2023-07-15,free,0,
1631,2023-07-15,pro,79,2023-10-19 00:00:00
1632,2023-07-15,free,0,
1633,2023-07-15,free,0,
1634,2023-07-15,free,0,
1635,2023-07-15,starter,29,
1636,2023-07-15,pro,79,
1637,2023-07-16,enterprise,299,
1638,2023-07-16,starter,29,
1639,2023-07-16,pro,79,
1640,2023-07-16,pro,79,2023-12-31 00:00:00
1641,2023-07-17,free,0,
1642,2023-07-17,starter,29,
1643,2023-07-17,free,0,
1644,2023-07-17,starter,29,
1645,2023-07-17,enterprise,299,
1646,2023-07-17,free,0,
1647,2023-07-17,pro,79,
1648,2023-07-17,starter,29,
1649,2023-07-17,starter,29,
1650,2023-07-17,free,0,
1651,2023-07-17,free,0,
1652,2023-07-17,free,0,
1653,2023-07-17,free,0,
1654,2023-07-18,free,0,
1655,2023-07-18,starter,29,
1656,2023-07-18,free,0,
1657,2023-07-18,pro,79,2023-09-21 00:00:00
1658,2023-07-18,starter,29,
1659,2023-07-18,starter,29,
1660,2023-07-19,starter,29,2023-12-31 00:00:00
1661,2023-07-19,starter,29,
1662,2023-07-19,enterprise,299,
1663,2023-07-19,free,0,
1664,2023-07-19,free,0,
1665,2023-07-20,pro,79,
1666,2023-07-20,free,0,
1667,2023-07-20,free,0,
1668,2023-07-20,free,0,
1669,2023-07-20,free,0,
1670,2023-07-20,starter,29,
1671,2023-07-21,free,0,
1672,2023-07-21,pro,79,2023-11-22 00:00:00
1673,2023-07-21,pro,79,2023-12-29 00:00:00
1674,2023-07-21,starter,29,
1675,2023-07-21,starter,29,
1676,2023-07-21,pro,79,
1677,2023-07-21,free,0,
1678,2023-07-21,pro,79,
1679,2023-07-21,pro,79,2023-12-31 00:00:00
1680,2023-07-21,pro,79,2023-09-23 00:00:00
1681,2023-07-22,starter,29,
1682,2023-07-22,free,0,
1683,2023-07-22,starter,29,
1684,2023-07-22,pro,79,
1685,2023-07-22,free,0,
1686,2023-07-22,pro,79,
1687,2023-07-22,free,0,
1688,2023-07-23,free,0,
1689,2023-07-23,free,0,
1690,2023-07-23,free,0,
1691,2023-07-23,starter,29,2023-10-12 00:00:00
1692,2023-07-24,free,0,
1693,2023-07-24,enterprise,299,
1694,2023-07-24,starter,29,
1695,2023-07-24,free,0,
1696,2023-07-25,starter,29,2023-09-02 00:00:00
1697,2023-07-25,pro,79,
1698,2023-07-25,pro,79,
1699,2023-07-25,free,0,
1700,2023-07-25,pro,79,
1701,2023-07-25,pro,79,
1702,2023-07-26,free,0,
1703,2023-07-26,free,0,
1704,2023-07-26,starter,29,
1705,2023-07-26,free,0,
1706,2023-07-26,pro,79,2023-12-31 00:00:00
1707,2023-07-27,free,0,
1708,2023-07-27,enterprise,299,2023-09-30 00:00:00
1709,2023-07-27,starter,29,
1710,2023-07-27,free,0,
1711,2023-07-27,free,0,
1712,2023-07-27,starter,29,
1713,2023-07-27,pro,79,
1714,2023-07-28,pro,79,
1715,2023-07-28,free,0,
1716,2023-07-28,free,0,
1717,2023-07-28,free,0,
1718,2023-07-28,starter,29,
1719,2023-07-29,free,0,
1720,2023-07-29,starter,29,
1721,2023-07-29,starter,29,
1722,2023-07-29,enterprise,299,
1723,2023-07-29,free,0,
1724,2023-07-30,free,0,
1725,2023-07-30,starter,29,
1726,2023-07-30,starter,29,
1727,2023-07-30,free,0,
1728,2023-07-30,enterprise,299,
1729,2023-07-31,pro,79,
1730,2023-07-31,free,0,
1731,2023-07-31,free,0,
1732,2023-08-01,starter,29,
1733,2023-08-01,pro,79,
1734,2023-08-01,free,0,
1735,2023-08-01,starter,29,2023-10-07 00:00:00
1736,2023-08-01,starter,29,
1737,2023-08-01,free,0,
1738,2023-08-01,starter,29,
1739,2023-08-01,enterprise,299,
1740,2023-08-01,free,0,
1741,2023-08-01,free,0,
1742,2023-08-01,starter,29,
1743,2023-08-02,pro,79,
1744,2023-08-02,enterprise,299,
1745,2023-08-02,starter,29,
1746,2023-08-02,pro,79,
1747,2023-08-02,starter,29,
1748,2023-08-02,starter,29,
1749,2023-08-02,free,0,
1750,2023-08-02,free,0,
1751,2023-08-02,free,0,
1752,2023-08-02,starter,29,
1753,2023-08-03,free,0,
1754,2023-08-03,enterprise,299,
1755,2023-08-03,free,0,
1756,2023-08-03,free,0,
1757,2023-08-03,starter,29,
1758,2023-08-03,pro,79,
1759,2023-08-03,free,0,
1760,2023-08-03,free,0,
1761,2023-08-03,enterprise,299,2023-10-12 00:00:00
1762,2023-08-03,free,0,
1763,2023-08-03,free,0,
1764,2023-08-03,pro,79,
1765,2023-08-04,free,0,
1766,2023-08-04,starter,29,
1767,2023-08-04,free,0,
1768,2023-08-04,free,0,
1769,2023-08-04,free,0,
1770,2023-08-04,free,0,
1771,2023-08-04,free,0,
1772,2023-08-04,free,0,
1773,2023-08-04,pro,79,
1774,2023-08-05,free,0,
1775,2023-08-05,starter,29,
1776,2023-08-05,pro,79,2023-12-31 00:00:00
1777,2023-08-05,starter,29,2023-12-31 00:00:00
1778,2023-08-05,free,0,
1779,2023-08-05,enterprise,299,
1780,2023-08-05,free,0,
1781,2023-08-05,free,0,
1782,2023-08-05,pro,79,
1783,2023-08-05,starter,29,
1784,2023-08-05,starter,29,
1785,2023-08-06,free,0,
1786,2023-08-06,starter,29,
1787,2023-08-06,free,0,
1788,2023-08-06,enterprise,299,
1789,2023-08-06,free,0,
1790,2023-08-06,pro,79,
1791,2023-08-06,starter,29,2023-12-31 00:00:00
1792,2023-08-06,pro,79,2023-12-31 00:00:00
1793,2023-08-06,pro,79,
1794,2023-08-06,starter,29,
1795,2023-08-07,free,0,
1796,2023-08-07,free,0,
1797,2023-08-07,free,0,
1798,2023-08-07,pro,79,
1799,2023-08-08,pro,79,2023-12-29 00:00:00
1800,2023-08-08,starter,29,
1801,2023-08-08,free,0,
1802,2023-08-08,free,0,
1803,2023-08-08,starter,29,
1804,2023-08-08,starter,29,
1805,2023-08-08,pro,79,
1806,2023-08-08,enterprise,299,
1807,2023-08-08,free,0,
1808,2023-08-08,starter,29,
1809,2023-08-08,starter,29,
1810,2023-08-08,free,0,
1811,2023-08-08,free,0,
1812,2023-08-08,free,0,
1813,2023-08-09,pro,79,
1814,2023-08-09,starter,29,2023-12-31 00:00:00
1815,2023-08-09,starter,29,
1816,2023-08-09,enterprise,299,2023-12-31 00:00:00
1817,2023-08-09,pro,79,
1818,2023-08-09,free,0,
1819,2023-08-10,starter,29,
1820,2023-08-10,starter,29,
1821,2023-08-10,pro,79,
1822,2023-08-10,pro,79,
1823,2023-08-10,starter,29,2023-12-31 00:00:00
1824,2023-08-10,free,0,
1825,2023-08-10,pro,79,
1826,2023-08-10,free,0,
1827,2023-08-11,free,0,
1828,2023-08-11,free,0,
1829,2023-08-11,free,0,
1830,2023-08-11,free,0,
1831,2023-08-11,pro,79,
1832,2023-08-11,enterprise,299,
1833,2023-08-11,free,0,
1834,2023-08-11,free,0,
1835,2023-08-11,free,0,
1836,2023-08-11,free,0,
1837,2023-08-11,free,0,
1838,2023-08-11,enterprise,299,
1839,2023-08-12,free,0,
1840,2023-08-12,starter,29,
1841,2023-08-12,free,0,
1842,2023-08-12,pro,79,
1843,2023-08-12,pro,79,
1844,2023-08-12,enterprise,299,
1845,2023-08-12,pro,79,
1846,2023-08-12,free,0,
1847,2023-08-12,free,0,
1848,2023-08-12,starter,29,
1849,2023-08-12,free,0,
1850,2023-08-12,starter,29,2023-11-12 00:00:00
1851,2023-08-13,free,0,
1852,2023-08-13,free,0,
1853,2023-08-13,starter,29,
1854,2023-08-13,starter,29,
1855,2023-08-13,pro,79,
1856,2023-08-13,free,0,
1857,2023-08-13,starter,29,
1858,2023-08-14,free,0,
1859,2023-08-14,free,0,
1860,2023-08-14,starter,29,
1861,2023-08-14,free,0,
1862,2023-08-14,free,0,
1863,2023-08-14,free,0,
1864,2023-08-14,free,0,
1865,2023-08-14,free,0,
1866,2023-08-14,free,0,
1867,2023-08-14,free,0,
1868,2023-08-14,free,0,
1869,2023-08-14,starter,29,
1870,2023-08-15,free,0,
1871,2023-08-15,free,0,
1872,2023-08-15,free,0,
1873,2023-08-15,starter,29,
1874,2023-08-15,pro,79,
1875,2023-08-15,pro,79,
1876,2023-08-15,pro,79,
1877,2023-08-15,starter,29,
1878,2023-08-15,starter,29,
1879,2023-08-15,starter,29,
1880,2023-08-15,free,0,
1881,2023-08-15,free,0,
1882,2023-08-15,free,0,
1883,2023-08-15,enterprise,299,
1884,2023-08-16,starter,29,
1885,2023-08-16,pro,79,
1886,2023-08-16,free,0,
1887,2023-08-16,starter,29,
1888,2023-08-16,free,0,
1889,2023-08-16,free,0,
1890,2023-08-16,pro,79,
1891,2023-08-16,starter,29,2023-12-31 00:00:00
1892,2023-08-16,free,0,
1893,2023-08-17,pro,79,
1894,2023-08-17,free,0,
1895,2023-08-17,enterprise,299,2023-11-17 00:00:00
1896,2023-08-17,free,0,
1897,2023-08-17,free,0,
1898,2023-08-17,free,0,
1899,2023-08-17,free,0,
1900,2023-08-17,free,0,
1901,2023-08-17,starter,29,
1902,2023-08-17,pro,79,
1903,2023-08-17,pro,79,
1904,2023-08-17,free,0,
1905,2023-08-17,starter,29,
1906,2023-08-18,free,0,
1907,2023-08-18,free,0,
1908,2023-08-18,starter,29,
1909,2023-08-18,starter,29,2023-12-31 00:00:00
1910,2023-08-18,free,0,
1911,2023-08-19,free,0,
1912,2023-08-19,enterprise,299,
1913,2023-08-19,free,0,
1914,2023-08-19,starter,29,
1915,2023-08-19,starter,29,
1916,2023-08-19,free,0,
1917,2023-08-19,free,0,
1918,2023-08-19,free,0,
1919,2023-08-19,pro,79,
1920,2023-08-19,starter,29,
1921,2023-08-19,starter,29,
1922,2023-08-19,enterprise,299,
1923,2023-08-20,pro,79,2023-10-10 00:00:00
1924,2023-08-20,starter,29,
1925,2023-08-20,starter,29,2023-12-31 00:00:00
1926,2023-08-20,starter,29,
1927,2023-08-20,starter,29,
1928,2023-08-20,starter,29,
1929,2023-08-20,starter,29,2023-12-31 00:00:00
1930,2023-08-21,free,0,
1931,2023-08-21,starter,29,
1932,2023-08-21,free,0,
1933,2023-08-21,free,0,
1934,2023-08-21,free,0,
1935,2023-08-21,starter,29,
1936,2023-08-21,starter,29,
1937,2023-08-21,free,0,
1938,2023-08-21,starter,29,
1939,2023-08-21,starter,29,
1940,2023-08-21,free,0,
1941,2023-08-21,starter,29,2023-12-31 00:00:00
1942,2023-08-21,pro,79,
1943,2023-08-22,pro,79,
1944,2023-08-22,starter,29,
1945,2023-08-22,starter,29,
1946,2023-08-22,free,0,
1947,2023-08-23,free,0,
1948,2023-08-23,free,0,
1949,2023-08-23,enterprise,299,
1950,2023-08-23,free,0,
1951,2023-08-23,free,0,
1952,2023-08-24,pro,79,2023-12-31 00:00:00
1953,2023-08-24,enterprise,299,
1954,2023-08-24,pro,79,
1955,2023-08-24,free,0,
1956,2023-08-24,free,0,
1957,2023-08-24,free,0,
1958,2023-08-24,free,0,
1959,2023-08-24,free,0,
1960,2023-08-24,starter,29,2023-10-26 00:00:00
1961,2023-08-25,enterprise,299,
1962,2023-08-25,free,0,
1963,2023-08-25,starter,29,
1964,2023-08-25,starter,29,
1965,2023-08-25,free,0,
1966,2023-08-25,starter,29,
1967,2023-08-25,free,0,
1968,2023-08-25,free,0,
1969,2023-08-25,pro,79,2023-12-31 00:00:00
1970,2023-08-25,free,0,
1971,2023-08-26,enterprise,299,
1972,2023-08-26,free,0,
1973,2023-08-26,starter,29,
1974,2023-08-26,starter,29,2023-12-31 00:00:00
1975,2023-08-26,free,0,
1976,2023-08-26,free,0,
1977,2023-08-26,starter,29,
1978,2023-08-27,pro,79,
1979,2023-08-27,pro,79,
1980,2023-08-27,starter,29,
1981,2023-08-27,pro,79,
1982,2023-08-27,starter,29,
1983,2023-08-27,pro,79,
1984,2023-08-27,starter,29,
1985,2023-08-27,starter,29,
1986,2023-08-27,pro,79,
1987,2023-08-27,free,0,
1988,2023-08-28,pro,79,
1989,2023-08-28,starter,29,
1990,2023-08-28,free,0,
1991,2023-08-28,free,0,
1992,2023-08-28,free,0,
1993,2023-08-29,starter,29,
1994,2023-08-29,pro,79,
1995,2023-08-29,free,0,
1996,2023-08-29,pro,79,
1997,2023-08-29,pro,79,
1998,2023-08-30,free,0,
1999,2023-08-30,pro,79,
2000,2023-08-30,enterprise,299,2023-10-27 00:00:00
2001,2023-08-30,pro,79,
2002,2023-08-30,pro,79,
2003,2023-08-30,enterprise,299,
2004,2023-08-30,starter,29,
2005,2023-08-30,free,0,
2006,2023-08-30,pro,79,
2007,2023-08-30,starter,29,2023-12-31 00:00:00
2008,2023-08-31,starter,29,
2009,2023-08-31,free,0,
2010,2023-08-31,pro,79,
2011,2023-08-31,free,0,
2012,2023-08-31,enterprise,299,
2013,2023-08-31,free,0,
2014,2023-08-31,free,0,
2015,2023-08-31,starter,29,2023-11-25 00:00:00
2016,2023-08-31,free,0,
2017,2023-09-01,starter,29,
2018,2023-09-01,enterprise,299,
2019,2023-09-01,pro,79,
2020,2023-09-01,free,0,
2021,2023-09-02,free,0,
2022,2023-09-02,pro,79,
2023,2023-09-02,enterprise,299,
2024,2023-09-02,starter,29,2023-12-31 00:00:00
2025,2023-09-03,starter,29,
2026,2023-09-03,free,0,
2027,2023-09-03,pro,79,
2028,2023-09-03,starter,29,
2029,2023-09-03,free,0,
2030,2023-09-03,free,0,
2031,2023-09-03,pro,79,
2032,2023-09-04,free,0,
2033,2023-09-04,free,0,
2034,2023-09-04,starter,29,
2035,2023-09-04,free,0,
2036,2023-09-04,free,0,
2037,2023-09-04,pro,79,
2038,2023-09-04,pro,79,
2039,2023-09-04,pro,79,
2040,2023-09-04,pro,79,
2041,2023-09-05,starter,29,2023-12-31 00:00:00
2042,2023-09-05,pro,79,
2043,2023-09-05,free,0,
2044,2023-09-06,starter,29,
2045,2023-09-06,enterprise,299,
2046,2023-09-06,free,0,
2047,2023-09-06,free,0,
2048,2023-09-06,starter,29,
2049,2023-09-06,free,0,
2050,2023-09-06,free,0,
2051,2023-09-07,pro,79,
2052,2023-09-07,enterprise,299,
2053,2023-09-07,starter,29,
2054,2023-09-07,free,0,
2055,2023-09-07,free,0,
2056,2023-09-07,pro,79,
2057,2023-09-07,starter,29,
2058,2023-09-08,free,0,
2059,2023-09-08,starter,29,
2060,2023-09-08,free,0,
2061,2023-09-08,starter,29,
2062,2023-09-08,pro,79,2023-12-31 00:00:00
2063,2023-09-08,starter,29,
2064,2023-09-08,starter,29,
2065,2023-09-08,free,0,
2066,2023-09-08,pro,79,
2067,2023-09-08,starter,29,
2068,2023-09-08,free,0,
2069,2023-09-09,starter,29,
2070,2023-09-09,free,0,
2071,2023-09-09,pro,79,2023-12-19 00:00:00
2072,2023-09-09,starter,29,
2073,2023-09-09,enterprise,299,
2074,2023-09-09,free,0,
2075,2023-09-09,pro,79,
2076,2023-09-09,starter,29,
2077,2023-09-09,pro,79,
2078,2023-09-10,free,0,
2079,2023-09-10,starter,29,
2080,2023-09-10,pro,79,
2081,2023-09-10,free,0,
2082,2023-09-10,free,0,
2083,2023-09-10,starter,29,2023-10-23 00:00:00
2084,2023-09-10,starter,29,
2085,2023-09-10,free,0,
2086,2023-09-11,free,0,
2087,2023-09-11,free,0,
2088,2023-09-11,pro,79,
2089,2023-09-11,starter,29,
2090,2023-09-11,pro,79,
2091,2023-09-11,enterprise,299,
2092,2023-09-11,starter,29,
2093,2023-09-11,free,0,
2094,2023-09-11,free,0,
2095,2023-09-11,free,0,
2096,2023-09-12,enterprise,299,2023-12-31 00:00:00
2097,2023-09-12,starter,29,2023-12-31 00:00:00
2098,2023-09-12,free,0,
2099,2023-09-12,free,0,
2100,2023-09-12,starter,29,
2101,2023-09-13,starter,29,
2102,2023-09-13,free,0,
2103,2023-09-13,enterprise,299,
2104,2023-09-13,starter,29,
2105,2023-09-13,free,0,
2106,2023-09-13,pro,79,
2107,2023-09-13,free,0,
2108,2023-09-13,enterprise,299,
2109,2023-09-14,enterprise,299,
2110,2023-09-14,pro,79,
2111,2023-09-14,pro,79,2023-12-31 00:00:00
2112,2023-09-14,free,0,
2113,2023-09-14,enterprise,299,
2114,2023-09-14,starter,29,
2115,2023-09-14,pro,79,
2116,2023-09-14,enterprise,299,2023-12-31 00:00:00
2117,2023-09-15,enterprise,299,
2118,2023-09-15,pro,79,
2119,2023-09-15,free,0,
2120,2023-09-15,enterprise,299,
2121,2023-09-15,starter,29,
2122,2023-09-15,enterprise,299,2023-12-31 00:00:00
2123,2023-09-15,starter,29,
2124,2023-09-15,free,0,
2125,2023-09-16,free,0,
2126,2023-09-16,starter,29,2023-12-31 00:00:00
2127,2023-09-16,pro,79,
2128,2023-09-16,free,0,
2129,2023-09-16,starter,29,
2130,2023-09-16,free,0,
2131,2023-09-16,pro,79,
2132,2023-09-16,starter,29,
2133,2023-09-16,free,0,
2134,2023-09-16,free,0,
2135,2023-09-17,free,0,
2136,2023-09-17,starter,29,
2137,2023-09-17,free,0,
2138,2023-09-17,free,0,
2139,2023-09-17,enterprise,299,
2140,2023-09-17,pro,79,
2141,2023-09-17,starter,29,
2142,2023-09-17,enterprise,299,
2143,2023-09-17,free,0,
2144,2023-09-18,starter,29,
2145,2023-09-18,starter,29,
2146,2023-09-18,starter,29,2023-10-24 00:00:00
2147,2023-09-18,free,0,
2148,2023-09-18,starter,29,
2149,2023-09-18,starter,29,
2150,2023-09-18,pro,79,
2151,2023-09-18,free,0,
2152,2023-09-18,free,0,
2153,2023-09-18,free,0,
2154,2023-09-18,free,0,
2155,2023-09-19,starter,29,2023-12-31 00:00:00
2156,2023-09-19,free,0,
2157,2023-09-19,pro,79,
2158,2023-09-19,free,0,
2159,2023-09-19,free,0,
2160,2023-09-19,starter,29,
2161,2023-09-19,free,0,
2162,2023-09-19,starter,29,2023-12-31 00:00:00
2163,2023-09-19,starter,29,
2164,2023-09-20,free,0,
2165,2023-09-20,free,0,
2166,2023-09-20,free,0,
2167,2023-09-20,free,0,
2168,2023-09-20,free,0,
2169,2023-09-20,free,0,
2170,2023-09-20,free,0,
2171,2023-09-21,starter,29,
2172,2023-09-21,starter,29,
2173,2023-09-21,starter,29,2023-12-31 00:00:00
2174,2023-09-21,free,0,
2175,2023-09-21,free,0,
2176,2023-09-21,pro,79,
2177,2023-09-21,starter,29,
2178,2023-09-21,pro,79,
2179,2023-09-21,free,0,
2180,2023-09-21,starter,29,
2181,2023-09-21,starter,29,
2182,2023-09-21,free,0,
2183,2023-09-21,starter,29,
2184,2023-09-21,starter,29,
2185,2023-09-21,free,0,
2186,2023-09-22,free,0,
2187,2023-09-22,pro,79,
2188,2023-09-22,enterprise,299,
2189,2023-09-22,free,0,
2190,2023-09-23,free,0,
2191,2023-09-23,free,0,
2192,2023-09-23,starter,29,
2193,2023-09-23,free,0,
2194,2023-09-23,enterprise,299,2023-11-27 00:00:00
2195,2023-09-23,free,0,
2196,2023-09-23,free,0,
2197,2023-09-24,starter,29,
2198,2023-09-24,pro,79,2023-12-27 00:00:00
2199,2023-09-24,starter,29,
2200,2023-09-24,starter,29,
2201,2023-09-24,enterprise,299,
2202,2023-09-24,free,0,
2203,2023-09-24,pro,79,
2204,2023-09-24,free,0,
2205,2023-09-24,pro,79,
2206,2023-09-24,starter,29,
2207,2023-09-25,free,0,
2208,2023-09-25,pro,79,
2209,2023-09-25,free,0,
2210,2023-09-25,free,0,
2211,2023-09-25,starter,29,
2212,2023-09-25,free,0,
2213,2023-09-25,starter,29,2023-12-31 00:00:00
2214,2023-09-25,free,0,
2215,2023-09-25,free,0,
2216,2023-09-25,free,0,
2217,2023-09-25,free,0,
2218,2023-09-26,starter,29,
2219,2023-09-26,pro,79,
2220,2023-09-26,enterprise,299,2023-12-13 00:00:00
2221,2023-09-26,pro,79,
2222,2023-09-26,free,0,
2223,2023-09-26,starter,29,
2224,2023-09-26,free,0,
2225,2023-09-26,free,0,
2226,2023-09-27,starter,29,2023-12-31 00:00:00
2227,2023-09-27,free,0,
2228,2023-09-27,free,0,
2229,2023-09-27,enterprise,299,
2230,2023-09-27,starter,29,
2231,2023-09-27,starter,29,
2232,2023-09-27,free,0,
2233,2023-09-27,free,0,
2234,2023-09-28,pro,79,
2235,2023-09-28,free,0,
2236,2023-09-28,starter,29,
2237,2023-09-28,free,0,
2238,2023-09-28,starter,29,
2239,2023-09-28,free,0,
2240,2023-09-28,pro,79,
2241,2023-09-28,pro,79,
2242,2023-09-28,pro,79,
2243,2023-09-28,free,0,
2244,2023-09-29,pro,79,
2245,2023-09-29,starter,29,
2246,2023-09-29,free,0,
2247,2023-09-29,starter,29,
2248,2023-09-30,free,0,
2249,2023-09-30,free,0,
2250,2023-09-30,pro,79,
2251,2023-09-30,free,0,
2252,2023-09-30,starter,29,
2253,2023-09-30,free,0,
2254,2023-09-30,pro,79,
2255,2023-09-30,enterprise,299,
2256,2023-09-30,pro,79,
2257,2023-09-30,free,0,
2258,2023-10-01,free,0,
2259,2023-10-01,starter,29,
2260,2023-10-01,free,0,
2261,2023-10-01,free,0,
2262,2023-10-01,starter,29,
2263,2023-10-02,starter,29,
2264,2023-10-02,enterprise,299,
2265,2023-10-02,free,0,
2266,2023-10-02,free,0,
2267,2023-10-02,free,0,
2268,2023-10-02,enterprise,299,2023-12-31 00:00:00
2269,2023-10-03,pro,79,
2270,2023-10-03,pro,79,
2271,2023-10-03,enterprise,299,2023-12-31 00:00:00
2272,2023-10-04,starter,29,
2273,2023-10-04,starter,29,
2274,2023-10-04,free,0,
2275,2023-10-04,starter,29,
2276,2023-10-04,starter,29,
2277,2023-10-04,starter,29,2023-12-31 00:00:00
2278,2023-10-04,enterprise,299,2023-12-31 00:00:00
2279,2023-10-04,enterprise,299,
2280,2023-10-04,pro,79,
2281,2023-10-04,pro,79,
2282,2023-10-04,starter,29,
2283,2023-10-04,free,0,
2284,2023-10-05,free,0,
2285,2023-10-05,starter,29,
2286,2023-10-05,pro,79,
2287,2023-10-05,free,0,
2288,2023-10-05,enterprise,299,
2289,2023-10-06,free,0,
2290,2023-10-06,free,0,
2291,2023-10-06,starter,29,
2292,2023-10-06,free,0,
2293,2023-10-06,free,0,
2294,2023-10-07,free,0,
2295,2023-10-07,pro,79,
2296,2023-10-07,starter,29,
2297,2023-10-07,starter,29,
2298,2023-10-07,starter,29,
2299,2023-10-07,free,0,
2300,2023-10-07,enterprise,299,
2301,2023-10-07,free,0,
2302,2023-10-07,enterprise,299,
2303,2023-10-08,starter,29,
2304,2023-10-08,enterprise,299,2023-12-31 00:00:00
2305,2023-10-08,free,0,
2306,2023-10-08,starter,29,
2307,2023-10-08,free,0,
2308,2023-10-08,free,0,
2309,2023-10-08,starter,29,
2310,2023-10-09,free,0,
2311,2023-10-09,starter,29,
2312,2023-10-09,free,0,
2313,2023-10-09,free,0,
2314,2023-10-09,pro,79,
2315,2023-10-09,starter,29,
2316,2023-10-09,starter,29,
2317,2023-10-09,starter,29,
2318,2023-10-09,pro,79,2023-11-20 00:00:00
2319,2023-10-09,free,0,
2320,2023-10-10,starter,29,
2321,2023-10-10,enterprise,299,
2322,2023-10-10,pro,79,
2323,2023-10-10,starter,29,
2324,2023-10-10,starter,29,
2325,2023-10-10,pro,79,
2326,2023-10-10,starter,29,
2327,2023-10-10,free,0,
2328,2023-10-11,free,0,
2329,2023-10-11,pro,79,
2330,2023-10-11,free,0,
2331,2023-10-11,pro,79,
2332,2023-10-11,free,0,
2333,2023-10-11,starter,29,
2334,2023-10-11,free,0,
2335,2023-10-11,free,0,
2336,2023-10-12,enterprise,299,
2337,2023-10-12,pro,79,
2338,2023-10-12,starter,29,
2339,2023-10-12,starter,29,
2340,2023-10-12,starter,29,
2341,2023-10-12,starter,29,
2342,2023-10-12,starter,29,
2343,2023-10-12,free,0,
2344,2023-10-12,starter,29,
2345,2023-10-12,pro,79,
2346,2023-10-12,enterprise,299,
2347,2023-10-12,free,0,
2348,2023-10-13,pro,79,
2349,2023-10-13,starter,29,
2350,2023-10-13,starter,29,
2351,2023-10-13,free,0,
2352,2023-10-13,starter,29,
2353,2023-10-13,free,0,
2354,2023-10-13,free,0,
2355,2023-10-13,pro,79,
2356,2023-10-13,pro,79,
2357,2023-10-14,starter,29,2023-12-31 00:00:00
2358,2023-10-14,enterprise,299,
2359,2023-10-14,free,0,
2360,2023-10-14,free,0,
2361,2023-10-14,starter,29,2023-12-31 00:00:00
2362,2023-10-14,free,0,
2363,2023-10-15,free,0,
2364,2023-10-15,free,0,
2365,2023-10-15,free,0,
2366,2023-10-15,pro,79,
2367,2023-10-15,free,0,
2368,2023-10-15,starter,29,
2369,2023-10-15,free,0,
2370,2023-10-15,starter,29,
2371,2023-10-15,free,0,
2372,2023-10-15,pro,79,
2373,2023-10-15,starter,29,
2374,2023-10-15,free,0,
2375,2023-10-15,starter,29,
2376,2023-10-15,free,0,
2377,2023-10-15,starter,29,
2378,2023-10-15,free,0,
2379,2023-10-16,enterprise,299,
2380,2023-10-16,free,0,
2381,2023-10-16,starter,29,
2382,2023-10-16,free,0,
2383,2023-10-16,free,0,
2384,2023-10-16,starter,29,
2385,2023-10-16,enterprise,299,
2386,2023-10-16,free,0,
2387,2023-10-16,free,0,
2388,2023-10-16,free,0,
2389,2023-10-16,free,0,
2390,2023-10-16,free,0,
2391,2023-10-16,starter,29,
2392,2023-10-16,free,0,
2393,2023-10-17,free,0,
2394,2023-10-17,pro,79,
2395,2023-10-17,free,0,
2396,2023-10-17,free,0,
2397,2023-10-17,free,0,
2398,2023-10-18,starter,29,
2399,2023-10-18,free,0,
2400,2023-10-18,starter,29,
2401,2023-10-18,free,0,
2402,2023-10-18,starter,29,
2403,2023-10-18,free,0,
2404,2023-10-18,starter,29,
2405,2023-10-18,pro,79,
2406,2023-10-18,starter,29,
2407,2023-10-19,free,0,
2408,2023-10-19,free,0,
2409,2023-10-19,free,0,
2410,2023-10-19,free,0,
2411,2023-10-19,free,0,
2412,2023-10-19,pro,79,
2413,2023-10-19,free,0,
2414,2023-10-20,starter,29,
2415,2023-10-20,starter,29,
2416,2023-10-20,starter,29,2023-12-31 00:00:00
2417,2023-10-20,free,0,
2418,2023-10-20,pro,79,
2419,2023-10-20,free,0,
2420,2023-10-20,pro,79,
2421,2023-10-20,pro,79,
2422,2023-10-20,pro,79,
2423,2023-10-20,starter,29,
2424,2023-10-20,free,0,
2425,2023-10-20,free,0,
2426,2023-10-20,starter,29,
2427,2023-10-20,free,0,
2428,2023-10-20,pro,79,
2429,2023-10-21,free,0,
2430,2023-10-21,free,0,
2431,2023-10-21,free,0,
2432,2023-10-21,free,0,
2433,2023-10-21,starter,29,
2434,2023-10-21,pro,79,
2435,2023-10-21,starter,29,
2436,2023-10-21,pro,79,
2437,2023-10-22,pro,79,
2438,2023-10-22,pro,79,
2439,2023-10-22,free,0,
2440,2023-10-22,pro,79,
2441,2023-10-22,free,0,
2442,2023-10-22,free,0,
2443,2023-10-22,starter,29,
2444,2023-10-22,free,0,
2445,2023-10-23,free,0,
2446,2023-10-23,free,0,
2447,2023-10-23,free,0,
2448,2023-10-23,enterprise,299,
2449,2023-10-23,free,0,
2450,2023-10-23,free,0,
2451,2023-10-24,starter,29,
2452,2023-10-24,free,0,
2453,2023-10-24,enterprise,299,
2454,2023-10-24,free,0,
2455,2023-10-25,starter,29,
2456,2023-10-25,starter,29,
2457,2023-10-25,enterprise,299,
2458,2023-10-26,starter,29,
2459,2023-10-26,pro,79,
2460,2023-10-26,free,0,
2461,2023-10-27,free,0,
2462,2023-10-27,free,0,
2463,2023-10-27,pro,79,
2464,2023-10-27,free,0,
2465,2023-10-27,free,0,
2466,2023-10-27,free,0,
2467,2023-10-28,free,0,
2468,2023-10-28,free,0,
2469,2023-10-28,enterprise,299,
2470,2023-10-28,starter,29,
2471,2023-10-28,starter,29,
2472,2023-10-28,pro,79,2023-12-31 00:00:00
2473,2023-10-28,free,0,
2474,2023-10-28,free,0,
2475,2023-10-28,free,0,
2476,2023-10-28,free,0,
2477,2023-10-28,starter,29,
2478,2023-10-29,free,0,
2479,2023-10-29,free,0,
2480,2023-10-29,starter,29,
2481,2023-10-29,enterprise,299,
2482,2023-10-29,pro,79,
2483,2023-10-29,pro,79,
2484,2023-10-29,pro,79,
2485,2023-10-29,free,0,
2486,2023-10-29,pro,79,
2487,2023-10-29,free,0,
2488,2023-10-29,starter,29,
2489,2023-10-29,starter,29,
2490,2023-10-29,free,0,
2491,2023-10-30,pro,79,
2492,2023-10-30,enterprise,299,
2493,2023-10-30,free,0,
2494,2023-10-30,pro,79,
2495,2023-10-30,free,0,
2496,2023-10-30,starter,29,
2497,2023-10-30,starter,29,2023-12-31 00:00:00
2498,2023-10-30,starter,29,
2499,2023-10-30,enterprise,299,
2500,2023-10-30,pro,79,
2501,2023-10-30,pro,79,
2502,2023-10-30,free,0,
2503,2023-10-30,enterprise,299,
2504,2023-10-30,free,0,
2505,2023-10-31,pro,79,
2506,2023-10-31,free,0,
2507,2023-10-31,free,0,
2508,2023-10-31,starter,29,
2509,2023-10-31,free,0,
2510,2023-10-31,free,0,
2511,2023-10-31,free,0,
2512,2023-10-31,free,0,
2513,2023-10-31,free,0,
2514,2023-11-01,free,0,
2515,2023-11-01,starter,29,
2516,2023-11-01,free,0,
2517,2023-11-01,starter,29,2023-12-31 00:00:00
2518,2023-11-01,free,0,
2519,2023-11-01,enterprise,299,
2520,2023-11-01,pro,79,
2521,2023-11-01,free,0,
2522,2023-11-01,pro,79,2023-12-31 00:00:00
2523,2023-11-01,pro,79,
2524,2023-11-01,enterprise,299,
2525,2023-11-01,starter,29,
2526,2023-11-02,free,0,
2527,2023-11-02,starter,29,2023-12-27 00:00:00
2528,2023-11-02,starter,29,
2529,2023-11-02,starter,29,
2530,2023-11-02,free,0,
2531,2023-11-03,pro,79,2023-12-31 00:00:00
2532,2023-11-03,enterprise,299,
2533,2023-11-03,free,0,
2534,2023-11-03,free,0,
2535,2023-11-03,free,0,
2536,2023-11-04,pro,79,
2537,2023-11-04,starter,29,2023-12-31 00:00:00
2538,2023-11-04,starter,29,
2539,2023-11-04,starter,29,
2540,2023-11-04,starter,29,
2541,2023-11-04,free,0,
2542,2023-11-04,starter,29,
2543,2023-11-05,pro,79,
2544,2023-11-05,enterprise,299,
2545,2023-11-05,enterprise,299,
2546,2023-11-05,enterprise,299,2023-12-31 00:00:00
2547,2023-11-05,starter,29,
2548,2023-11-05,starter,29,
2549,2023-11-06,pro,79,
2550,2023-11-06,enterprise,299,
2551,2023-11-06,free,0,
2552,2023-11-06,free,0,
2553,2023-11-06,free,0,
2554,2023-11-06,starter,29,
2555,2023-11-06,free,0,
2556,2023-11-06,free,0,
2557,2023-11-06,free,0,
2558,2023-11-06,free,0,
2559,2023-11-06,pro,79,
2560,2023-11-07,free,0,
2561,2023-11-07,starter,29,
2562,2023-11-07,starter,29,
2563,2023-11-07,pro,79,
2564,2023-11-07,free,0,
2565,2023-11-07,enterprise,299,
2566,2023-11-07,starter,29,
2567,2023-11-07,enterprise,299,
2568,2023-11-07,enterprise,299,
2569,2023-11-08,free,0,
2570,2023-11-08,free,0,
2571,2023-11-08,free,0,
2572,2023-11-08,starter,29,2023-12-31 00:00:00
2573,2023-11-08,free,0,
2574,2023-11-08,free,0,
2575,2023-11-08,starter,29,2023-12-31 00:00:00
2576,2023-11-08,free,0,
2577,2023-11-09,free,0,
2578,2023-11-09,starter,29,
2579,2023-11-09,free,0,
2580,2023-11-09,free,0,
2581,2023-11-09,starter,29,2023-12-31 00:00:00
2582,2023-11-09,starter,29,2023-12-31 00:00:00
2583,2023-11-09,pro,79,
2584,2023-11-09,starter,29,
2585,2023-11-09,starter,29,
2586,2023-11-09,starter,29,
2587,2023-11-09,pro,79,2023-12-31 00:00:00
2588,2023-11-10,pro,79,
2589,2023-11-10,pro,79,2023-12-31 00:00:00
2590,2023-11-10,starter,29,2023-12-31 00:00:00
2591,2023-11-10,free,0,
2592,2023-11-10,free,0,
2593,2023-11-10,free,0,
2594,2023-11-10,enterprise,299,
2595,2023-11-10,starter,29,2023-12-31 00:00:00
2596,2023-11-10,pro,79,2023-12-31 00:00:00
2597,2023-11-10,free,0,
2598,2023-11-10,pro,79,2023-12-31 00:00:00
2599,2023-11-11,free,0,
2600,2023-11-11,free,0,
2601,2023-11-11,free,0,
2602,2023-11-11,starter,29,
2603,2023-11-11,starter,29,2023-12-31 00:00:00
2604,2023-11-12,pro,79,
2605,2023-11-12,free,0,
2606,2023-11-12,starter,29,2023-12-31 00:00:00
2607,2023-11-12,starter,29,
2608,2023-11-12,free,0,
2609,2023-11-12,pro,79,
2610,2023-11-12,pro,79,
2611,2023-11-12,pro,79,
2612,2023-11-12,pro,79,
2613,2023-11-12,pro,79,
2614,2023-11-12,free,0,
2615,2023-11-12,pro,79,
2616,2023-11-12,free,0,
2617,2023-11-12,free,0,
2618,2023-11-13,free,0,
2619,2023-11-13,pro,79,
2620,2023-11-13,pro,79,
2621,2023-11-13,free,0,
2622,2023-11-13,pro,79,2023-12-31 00:00:00
2623,2023-11-14,enterprise,299,
2624,2023-11-14,free,0,
2625,2023-11-14,free,0,
2626,2023-11-14,pro,79,
2627,2023-11-14,free,0,
2628,2023-11-14,starter,29,2023-12-31 00:00:00
2629,2023-11-14,free,0,
2630,2023-11-14,starter,29,2023-12-31 00:00:00
2631,2023-11-14,pro,79,
2632,2023-11-14,starter,29,
2633,2023-11-14,pro,79,
2634,2023-11-14,pro,79,
2635,2023-11-15,pro,79,
2636,2023-11-15,starter,29,
2637,2023-11-15,free,0,
2638,2023-11-15,starter,29,
2639,2023-11-15,free,0,
2640,2023-11-15,pro,79,2023-12-31 00:00:00
2641,2023-11-15,free,0,
2642,2023-11-15,starter,29,
2643,2023-11-15,free,0,
2644,2023-11-15,pro,79,
2645,2023-11-15,pro,79,
2646,2023-11-16,free,0,
2647,2023-11-16,pro,79,
2648,2023-11-16,free,0,
2649,2023-11-16,starter,29,
2650,2023-11-16,pro,79,
2651,2023-11-16,free,0,
2652,2023-11-16,enterprise,299,
2653,2023-11-16,free,0,
2654,2023-11-16,free,0,
2655,2023-11-16,enterprise,299,
2656,2023-11-16,free,0,
2657,2023-11-17,enterprise,299,
2658,2023-11-17,enterprise,299,
2659,2023-11-17,free,0,
2660,2023-11-17,starter,29,
2661,2023-11-17,free,0,
2662,2023-11-17,starter,29,
2663,2023-11-18,free,0,
2664,2023-11-18,free,0,
2665,2023-11-18,free,0,
2666,2023-11-19,starter,29,
2667,2023-11-19,enterprise,299,
2668,2023-11-19,pro,79,
2669,2023-11-19,pro,79,
2670,2023-11-19,starter,29,
2671,2023-11-19,pro,79,
2672,2023-11-19,free,0,
2673,2023-11-19,pro,79,
2674,2023-11-20,enterprise,299,
2675,2023-11-20,free,0,
2676,2023-11-20,starter,29,2023-12-31 00:00:00
2677,2023-11-20,pro,79,
2678,2023-11-20,enterprise,299,
2679,2023-11-20,pro,79,
2680,2023-11-20,free,0,
2681,2023-11-20,free,0,
2682,2023-11-20,free,0,
2683,2023-11-21,pro,79,
2684,2023-11-21,free,0,
2685,2023-11-21,pro,79,
2686,2023-11-21,free,0,
2687,2023-11-21,free,0,
2688,2023-11-21,starter,29,
2689,2023-11-22,pro,79,
2690,2023-11-22,free,0,
2691,2023-11-22,starter,29,
2692,2023-11-22,starter,29,
2693,2023-11-22,free,0,
2694,2023-11-22,free,0,
2695,2023-11-22,pro,79,
2696,2023-11-22,starter,29,
2697,2023-11-22,free,0,
2698,2023-11-22,pro,79,
2699,2023-11-23,enterprise,299,2023-12-31 00:00:00
2700,2023-11-23,starter,29,
2701,2023-11-23,starter,29,
2702,2023-11-23,pro,79,
2703,2023-11-23,enterprise,299,
2704,2023-11-24,pro,79,
2705,2023-11-24,starter,29,
2706,2023-11-24,starter,29,
2707,2023-11-24,pro,79,
2708,2023-11-24,free,0,
2709,2023-11-24,starter,29,
2710,2023-11-24,pro,79,
2711,2023-11-24,starter,29,2023-12-31 00:00:00
2712,2023-11-24,starter,29,
2713,2023-11-24,starter,29,2023-12-31 00:00:00
2714,2023-11-25,free,0,
2715,2023-11-25,starter,29,
2716,2023-11-25,pro,79,
2717,2023-11-25,free,0,
2718,2023-11-25,free,0,
2719,2023-11-25,enterprise,299,
2720,2023-11-26,free,0,
2721,2023-11-26,free,0,
2722,2023-11-26,enterprise,299,
2723,2023-11-26,pro,79,2023-12-31 00:00:00
2724,2023-11-26,starter,29,
2725,2023-11-26,pro,79,
2726,2023-11-26,free,0,
2727,2023-11-26,pro,79,
2728,2023-11-26,starter,29,2023-12-31 00:00:00
2729,2023-11-26,pro,79,
2730,2023-11-26,starter,29,2023-12-29 00:00:00
2731,2023-11-27,starter,29,
2732,2023-11-27,starter,29,
2733,2023-11-27,starter,29,
2734,2023-11-27,pro,79,
2735,2023-11-27,starter,29,2023-12-31 00:00:00
2736,2023-11-27,starter,29,
2737,2023-11-28,starter,29,
2738,2023-11-28,starter,29,
2739,2023-11-28,pro,79,
2740,2023-11-28,pro,79,
2741,2023-11-29,starter,29,
2742,2023-11-29,enterprise,299,2023-12-31 00:00:00
2743,2023-11-29,pro,79,
2744,2023-11-29,starter,29,
2745,2023-11-30,starter,29,
2746,2023-11-30,enterprise,299,
2747,2023-11-30,starter,29,
2748,2023-11-30,pro,79,
2749,2023-11-30,starter,29,
2750,2023-11-30,starter,29,
2751,2023-12-01,free,0,
2752,2023-12-01,starter,29,
2753,2023-12-01,enterprise,299,
2754,2023-12-01,starter,29,
2755,2023-12-01,starter,29,
2756,2023-12-01,enterprise,299,2023-12-31 00:00:00
2757,2023-12-01,starter,29,
2758,2023-12-02,starter,29,
2759,2023-12-02,pro,79,
2760,2023-12-02,pro,79,
2761,2023-12-02,free,0,
2762,2023-12-02,starter,29,2023-12-31 00:00:00
2763,2023-12-02,starter,29,
2764,2023-12-02,free,0,
2765,2023-12-02,starter,29,
2766,2023-12-02,starter,29,
2767,2023-12-02,free,0,
2768,2023-12-03,starter,29,
2769,2023-12-03,free,0,
2770,2023-12-03,starter,29,
2771,2023-12-03,pro,79,
2772,2023-12-03,pro,79,
2773,2023-12-03,free,0,
2774,2023-12-03,free,0,
2775,2023-12-04,free,0,
2776,2023-12-04,starter,29,
2777,2023-12-04,free,0,
2778,2023-12-04,starter,29,
2779,2023-12-04,free,0,
2780,2023-12-04,pro,79,
2781,2023-12-04,free,0,
2782,2023-12-04,free,0,
2783,2023-12-05,pro,79,
2784,2023-12-05,free,0,
2785,2023-12-05,free,0,
2786,2023-12-05,starter,29,
2787,2023-12-05,starter,29,
2788,2023-12-06,pro,79,
2789,2023-12-06,free,0,
2790,2023-12-06,starter,29,
2791,2023-12-06,free,0,
2792,2023-12-06,free,0,
2793,2023-12-06,pro,79,
2794,2023-12-06,pro,79,
2795,2023-12-06,free,0,
2796,2023-12-07,starter,29,
2797,2023-12-07,free,0,
2798,2023-12-07,pro,79,
2799,2023-12-07,free,0,
2800,2023-12-07,free,0,
2801,2023-12-07,starter,29,
2802,2023-12-07,starter,29,
2803,2023-12-07,starter,29,2023-12-31 00:00:00
2804,2023-12-08,free,0,
2805,2023-12-08,free,0,
2806,2023-12-08,starter,29,
2807,2023-12-08,free,0,
2808,2023-12-08,pro,79,
2809,2023-12-08,free,0,
2810,2023-12-08,starter,29,2023-12-31 00:00:00
2811,2023-12-08,starter,29,
2812,2023-12-08,free,0,
2813,2023-12-08,starter,29,
2814,2023-12-08,pro,79,2023-12-31 00:00:00
2815,2023-12-08,free,0,
2816,2023-12-09,enterprise,299,2023-12-31 00:00:00
2817,2023-12-09,starter,29,
2818,2023-12-09,free,0,
2819,2023-12-10,starter,29,
2820,2023-12-10,free,0,
2821,2023-12-10,pro,79,
2822,2023-12-10,pro,79,
2823,2023-12-10,pro,79,
2824,2023-12-10,enterprise,299,2023-12-31 00:00:00
2825,2023-12-10,pro,79,
2826,2023-12-10,starter,29,
2827,2023-12-10,free,0,
2828,2023-12-10,starter,29,
2829,2023-12-11,free,0,
2830,2023-12-11,pro,79,
2831,2023-12-11,starter,29,
2832,2023-12-11,free,0,
2833,2023-12-11,free,0,
2834,2023-12-11,free,0,
2835,2023-12-11,starter,29,
2836,2023-12-11,starter,29,
2837,2023-12-11,starter,29,
2838,2023-12-11,starter,29,
2839,2023-12-12,starter,29,
2840,2023-12-12,free,0,
2841,2023-12-12,free,0,
2842,2023-12-12,starter,29,
2843,2023-12-12,starter,29,
2844,2023-12-12,free,0,
2845,2023-12-12,free,0,
2846,2023-12-12,free,0,
2847,2023-12-12,starter,29,
2848,2023-12-13,free,0,
2849,2023-12-13,starter,29,
2850,2023-12-13,pro,79,
2851,2023-12-13,free,0,
2852,2023-12-13,enterprise,299,
2853,2023-12-13,starter,29,2023-12-31 00:00:00
2854,2023-12-14,starter,29,2023-12-31 00:00:00
2855,2023-12-14,starter,29,
2856,2023-12-14,starter,29,
2857,2023-12-14,starter,29,
2858,2023-12-14,starter,29,2023-12-31 00:00:00
2859,2023-12-14,free,0,
2860,2023-12-14,free,0,
2861,2023-12-15,free,0,
2862,2023-12-15,free,0,
2863,2023-12-15,free,0,
2864,2023-12-15,free,0,
2865,2023-12-15,pro,79,
2866,2023-12-15,pro,79,
2867,2023-12-15,enterprise,299,
2868,2023-12-15,starter,29,
2869,2023-12-15,pro,79,
2870,2023-12-15,pro,79,2023-12-31 00:00:00
2871,2023-12-15,starter,29,
2872,2023-12-15,free,0,
2873,2023-12-15,enterprise,299,
2874,2023-12-16,starter,29,
2875,2023-12-16,starter,29,
2876,2023-12-16,free,0,
2877,2023-12-16,free,0,
2878,2023-12-16,pro,79,
2879,2023-12-16,starter,29,
2880,2023-12-16,free,0,
2881,2023-12-16,free,0,
2882,2023-12-16,starter,29,
2883,2023-12-16,starter,29,
2884,2023-12-17,free,0,
2885,2023-12-17,pro,79,
2886,2023-12-17,free,0,
2887,2023-12-17,free,0,
2888,2023-12-18,starter,29,2023-12-31 00:00:00
2889,2023-12-18,free,0,
2890,2023-12-18,pro,79,2023-12-31 00:00:00
2891,2023-12-18,pro,79,
2892,2023-12-18,pro,79,
2893,2023-12-18,free,0,
2894,2023-12-18,free,0,
2895,2023-12-19,free,0,
2896,2023-12-19,starter,29,
2897,2023-12-19,pro,79,
2898,2023-12-19,pro,79,
2899,2023-12-19,pro,79,
2900,2023-12-19,enterprise,299,
2901,2023-12-19,pro,79,
2902,2023-12-19,free,0,
2903,2023-12-20,free,0,
2904,2023-12-20,starter,29,
2905,2023-12-20,free,0,
2906,2023-12-20,free,0,
2907,2023-12-20,starter,29,2023-12-31 00:00:00
2908,2023-12-20,pro,79,
2909,2023-12-20,free,0,
2910,2023-12-20,pro,79,2023-12-31 00:00:00
2911,2023-12-21,pro,79,
2912,2023-12-21,starter,29,
2913,2023-12-21,free,0,
2914,2023-12-21,free,0,
2915,2023-12-21,pro,79,
2916,2023-12-21,pro,79,
2917,2023-12-21,pro,79,
2918,2023-12-22,starter,29,
2919,2023-12-22,free,0,
2920,2023-12-22,free,0,
2921,2023-12-22,pro,79,
2922,2023-12-22,free,0,
2923,2023-12-22,free,0,
2924,2023-12-22,starter,29,2023-12-31 00:00:00
2925,2023-12-22,free,0,
2926,2023-12-23,free,0,
2927,2023-12-23,starter,29,
2928,2023-12-23,free,0,
2929,2023-12-23,free,0,
2930,2023-12-23,pro,79,
2931,2023-12-24,pro,79,2023-12-31 00:00:00
2932,2023-12-24,free,0,
2933,2023-12-24,pro,79,
2934,2023-12-25,free,0,
2935,2023-12-25,starter,29,
2936,2023-12-25,pro,79,
2937,2023-12-25,pro,79,
2938,2023-12-25,pro,79,
2939,2023-12-25,free,0,
2940,2023-12-25,free,0,
2941,2023-12-25,pro,79,2023-12-31 00:00:00
2942,2023-12-25,free,0,
2943,2023-12-25,free,0,
2944,2023-12-26,pro,79,
2945,2023-12-26,pro,79,
2946,2023-12-26,pro,79,2023-12-31 00:00:00
2947,2023-12-26,free,0,
2948,2023-12-26,pro,79,
2949,2023-12-26,free,0,
2950,2023-12-26,free,0,
2951,2023-12-26,starter,29,2023-12-31 00:00:00
2952,2023-12-26,free,0,
2953,2023-12-26,free,0,
2954,2023-12-26,starter,29,
2955,2023-12-26,free,0,
2956,2023-12-26,free,0,
2957,2023-12-27,free,0,
2958,2023-12-27,starter,29,
2959,2023-12-27,starter,29,
2960,2023-12-27,pro,79,
2961,2023-12-27,pro,79,
2962,2023-12-27,starter,29,
2963,2023-12-27,pro,79,
2964,2023-12-27,free,0,
2965,2023-12-28,free,0,
2966,2023-12-28,pro,79,
2967,2023-12-28,free,0,
2968,2023-12-28,enterprise,299,
2969,2023-12-28,starter,29,
2970,2023-12-29,pro,79,
2971,2023-12-29,starter,29,
2972,2023-12-29,starter,29,
2973,2023-12-29,free,0,
2974,2023-12-29,pro,79,2023-12-31 00:00:00
2975,2023-12-29,starter,29,
2976,2023-12-29,enterprise,299,
2977,2023-12-30,free,0,
2978,2023-12-30,free,0,
2979,2023-12-30,free,0,
2980,2023-12-30,starter,29,
2981,2023-12-30,pro,79,
2982,2023-12-30,free,0,
2983,2023-12-30,starter,29,
2984,2023-12-30,free,0,
2985,2023-12-30,starter,29,
2986,2023-12-30,pro,79,
2987,2023-12-30,free,0,
2988,2023-12-31,starter,29,
2989,2023-12-31,enterprise,299,
2990,2023-12-31,pro,79,
2991,2023-12-31,starter,29,2023-12-31 00:00:00
2992,2023-12-31,starter,29,
2993,2023-12-31,free,0,
2994,2023-12-31,starter,29,
2995,2023-12-31,pro,79,
2996,2023-12-31,starter,29,
2997,2023-12-31,free,0,
2998,2023-12-31,free,0,
2999,2023-12-31,free,0,
3000,2023-12-31,free,0,
